N5	山	やま	산	あの山は高いです。	저 산은 높습니다.	日曜日に、友達と山に登ります。	일요일에 친구와 산에 오릅니다.	高くなった土地
N5	川	かわ	강	この川はきれいです。	이 강은 깨끗합니다.	家の近くの川で、魚を見ました。	집 근처 강에서 물고기를 보았습니다.	水が流れるところ
N5	水	みず	물	冷たい水を飲みます。	차가운 물을 마십니다.	暑いので、水をもう一杯ください。	더우니 물을 한 잔 더 주세요.	飲むための透明な液体
N5	火	ひ	불	火を消してください。	불을 꺼 주세요.	料理ができたので、火を消しました。	요리가 다 되어 불을 껐습니다.	燃えているもの
N5	木	き	나무	庭に大きな木があります。	정원에 큰 나무가 있습니다.	その木の下で、少し休みましょう。	그 나무 아래에서 잠시 쉽시다.	幹や枝がある植物
N5	学校	がっこう	학교	毎朝、学校に行きます。	매일 아침 학교에 갑니다.	学校が終わってから、友達と帰ります。	학교가 끝난 다음 친구와 돌아갑니다.	子供が勉強するところ
N5	先生	せんせい	선생님	田中先生は親切です。	다나카 선생님은 친절합니다.	分からない言葉を先生に聞きました。	모르는 말을 선생님께 물었습니다.	勉強を教える人
N5	学生	がくせい	학생	兄は大学の学生です。	형은 대학생입니다.	この図書館は、学生も使うことができます。	이 도서관은 학생도 이용할 수 있습니다.	学校で勉強する人
N5	名前	なまえ	이름	ここに名前を書いてください。	여기에 이름을 써 주세요.	新しい友達の名前を覚えました。	새 친구의 이름을 외웠습니다.	人を呼ぶときの言葉
N5	友達	ともだち	친구	友達と昼ご飯を食べます。	친구와 점심을 먹습니다.	休みの日に、友達の家へ遊びに行きます。	쉬는 날에 친구 집으로 놀러 갑니다.	仲のよい人
N5	日	ひ	날	休みの日に本を読みます。	쉬는 날에 책을 읽습니다.	雨の日は、家で映画を見ます。	비 오는 날에는 집에서 영화를 봅니다.	一日のこと
N5	月	つき	달	今夜は月がきれいです。	오늘 밤은 달이 아름답습니다.	窓を開けると、丸い月が見えました。	창문을 열자 둥근 달이 보였습니다.	夜の空に見える丸いもの
N5	空	そら	하늘	今日は空が青いです。	오늘은 하늘이 파랗습니다.	朝、空を見たら、雲がたくさんありました。	아침에 하늘을 보니 구름이 많이 있었습니다.	頭の上に広がるところ
N5	雨	あめ	비	朝から雨が降っています。	아침부터 비가 내리고 있습니다.	雨がやんだら、買い物に行きましょう。	비가 그치면 장을 보러 갑시다.	空から降る水
N5	天気	てんき	날씨	今日はいい天気です。	오늘은 날씨가 좋습니다.	明日の天気を見てから、出かけるか決めます。	내일 날씨를 확인한 뒤 외출할지 정합니다.	晴れや雨などの様子
N5	今日	きょう	오늘	今日は日本語を勉強します。	오늘은 일본어를 공부합니다.	今日買った本を、電車の中で読みました。	오늘 산 책을 전철 안에서 읽었습니다.	今過ごしている日
N5	明日	あした	내일	明日は休みです。	내일은 쉽니다.	明日の朝、駅で会いましょう。	내일 아침 역에서 만납시다.	今日の次の日
N5	昨日	きのう	어제	昨日は寒かったです。	어제는 추웠습니다.	昨日、駅で高校の友達に会いました。	어제 역에서 고등학교 친구를 만났습니다.	今日の前の日
N5	朝	あさ	아침	朝はパンを食べます。	아침에는 빵을 먹습니다.	毎日、朝の七時に家を出ます。	매일 아침 일곱 시에 집을 나섭니다.	一日の早い時間
N5	夜	よる	밤	夜は家にいます。	밤에는 집에 있습니다.	昨日の夜は、十一時に寝ました。	어젯밤에는 열한 시에 잤습니다.	日が沈んだ後の時間
N4	質問	しつもん	질문	先生に質問があります。	선생님께 질문이 있습니다.	説明を聞いても分からなかったので、質問しました。	설명을 들어도 이해되지 않아서 질문했습니다.	分からないことを尋ねること
N4	答え	こたえ	답	この問題の答えは三です。	이 문제의 답은 삼입니다.	答えを書く前に、もう一度問題を読みました。	답을 쓰기 전에 문제를 한 번 더 읽었습니다.	問題に対する返事
N4	説明	せつめい	설명	使い方の説明を読みます。	사용법 설명을 읽습니다.	店員の説明を聞いてから、新しい電話を選びました。	점원의 설명을 들은 다음 새 전화기를 골랐습니다.	分かるように話すこと
N4	予定	よてい	예정	明日は出かける予定です。	내일은 외출할 예정입니다.	雨が降りそうなので、旅行の予定を変えました。	비가 올 것 같아서 여행 일정을 바꿨습니다.	これからすることの計画
N4	約束	やくそく	약속	友達との約束を守ります。	친구와의 약속을 지킵니다.	約束の時間に遅れそうで、友達に電話しました。	약속 시간에 늦을 것 같아 친구에게 전화했습니다.	相手と決めたこと
N4	準備	じゅんび	준비	旅行の準備をします。	여행 준비를 합니다.	明日の朝は忙しいので、今夜のうちに準備します。	내일 아침은 바쁘니 오늘 밤에 미리 준비합니다.	前もって用意すること
N4	予習	よしゅう	예습	授業の前に予習をします。	수업 전에 예습합니다.	予習で分からなかった所を、授業で先生に聞きました。	예습하면서 몰랐던 부분을 수업 중 선생님께 물었습니다.	習う前に勉強すること
N4	復習	ふくしゅう	복습	家で今日の授業の復習をします。	집에서 오늘 수업을 복습합니다.	忘れないように、寝る前に少し復習しています。	잊지 않도록 잠들기 전에 조금 복습합니다.	習ったことをもう一度勉強すること
N4	練習	れんしゅう	연습	毎日、漢字の練習をします。	매일 한자 연습을 합니다.	発音が難しいので、先生と一緒に練習しました。	발음이 어려워 선생님과 함께 연습했습니다.	上手になるために繰り返すこと
N4	試験	しけん	시험	来週、日本語の試験があります。	다음 주에 일본어 시험이 있습니다.	試験が終わったら、友達と食事に行くつもりです。	시험이 끝나면 친구와 식사하러 갈 생각입니다.	勉強の力を調べるもの
N4	経験	けいけん	경험	外国で働いた経験があります。	외국에서 일한 경험이 있습니다.	初めての仕事は大変でしたが、よい経験になりました。	첫 직장은 힘들었지만 좋은 경험이 되었습니다.	実際にやってみたこと
N4	必要	ひつよう	필요	申し込みには写真が必要です。	신청에는 사진이 필요합니다.	必要な物を忘れないように、紙に書いておきます。	필요한 물건을 잊지 않도록 종이에 적어 둡니다.	なくてはならないこと
N4	大切	たいせつ	소중함	これは大切な手紙です。	이것은 소중한 편지입니다.	祖母にもらった時計を、今も大切に使っています。	할머니에게 받은 시계를 지금도 소중히 사용하고 있습니다.	とても重要なこと
N4	便利	べんり	편리함	このかばんは旅行に便利です。	이 가방은 여행에 편리합니다.	駅の近くに引っ越して、通勤が便利になりました。	역 근처로 이사하여 출퇴근이 편리해졌습니다.	使いやすく役に立つこと
N4	安全	あんぜん	안전	安全な場所で待ってください。	안전한 곳에서 기다려 주세요.	道を渡る前に、左右の安全を確認します。	길을 건너기 전에 좌우의 안전을 확인합니다.	危険がないこと
N4	連絡	れんらく	연락	着いたら連絡してください。	도착하면 연락해 주세요.	電車が遅れていることを、会社に連絡しました。	전철이 늦어지고 있다는 것을 회사에 연락했습니다.	相手に知らせること
N4	相談	そうだん	상의	困ったら先生に相談します。	곤란하면 선생님과 상의합니다.	一人で決めないで、家族に相談してみてください。	혼자 결정하지 말고 가족과 상의해 보세요.	意見を聞くために話すこと
N4	予約	よやく	예약	ホテルの予約をしました。	호텔을 예약했습니다.	この店は人気があるので、先に予約した方がいいです。	이 가게는 인기가 많으니 미리 예약하는 편이 좋습니다.	前もって利用を申し込むこと
N4	案内	あんない	안내	駅まで案内します。	역까지 안내하겠습니다.	町を知らない友達に、近くの店を案内しました。	마을을 잘 모르는 친구에게 근처 가게를 안내했습니다.	場所や道を教えること
N4	都合	つごう	사정	明日は都合が悪いです。	내일은 사정이 여의치 않습니다.	都合のいい日を教えてくれれば、予定を合わせます。	편한 날을 알려 주면 일정을 맞추겠습니다.	予定や事情の具合
N3	理解	りかい	이해	説明を聞いて、内容を理解した。	설명을 듣고 내용을 이해했다.	相手の立場を理解するには、話を最後まで聞く必要がある。	상대의 입장을 이해하려면 말을 끝까지 들을 필요가 있다.	意味が分かること
N3	確認	かくにん	확인	出発前に時間を確認する。	출발 전에 시간을 확인한다.	メールを送る前に、名前や日付に間違いがないか確認した。	메일을 보내기 전에 이름과 날짜에 오류가 없는지 확인했다.	間違いがないか確かめること
N3	関係	かんけい	관계	二つの事件には関係がある。	두 사건은 관계가 있다.	仕事とは関係のない質問だったので、答えなかった。	일과 관계없는 질문이어서 대답하지 않았다.	つながり
N3	原因	げんいん	원인	事故の原因を調べる。	사고 원인을 조사한다.	機械が止まった原因は、小さな部品の故障だった。	기계가 멈춘 원인은 작은 부품의 고장이었다.	物事が起こった理由
N3	結果	けっか	결과	試験の結果を待っています。	시험 결과를 기다리고 있습니다.	毎日練習した結果、前より速く走れるようになった。	매일 연습한 결과 전보다 빨리 달릴 수 있게 되었다.	物事の最後に生じたこと
N3	影響	えいきょう	영향	天気は売上に影響する。	날씨는 매출에 영향을 준다.	台風の影響で、午後の電車がすべて止まった。	태풍의 영향으로 오후 전철이 모두 멈췄다.	他のものを変化させる力
N3	状況	じょうきょう	상황	今の状況を教えてください。	현재 상황을 알려 주세요.	道路の状況によっては、到着が遅れるかもしれません。	도로 상황에 따라서는 도착이 늦어질 수도 있습니다.	その時の様子
N3	条件	じょうけん	조건	参加の条件はありません。	참가 조건은 없습니다.	この仕事は、経験があることが応募の条件になっている。	이 일은 경험이 있어야 지원할 수 있다.	必要とされる決まり
N3	目的	もくてき	목적	旅行の目的は友人に会うことです。	여행 목적은 친구를 만나는 것입니다.	何のために勉強するのか、目的をはっきりさせよう。	무엇을 위해 공부하는지 목적을 명확하게 하자.	目指していること
N3	方法	ほうほう	방법	別の方法を考えましょう。	다른 방법을 생각합시다.	一人で悩むより、誰かに相談する方法もある。	혼자 고민하기보다 누군가와 상의하는 방법도 있다.	やり方
N3	情報	じょうほう	정보	必要な情報を集める。	필요한 정보를 모은다.	ネットで見つけた情報が正しいとは限らない。	인터넷에서 찾은 정보가 항상 옳은 것은 아니다.	判断に役立つ知らせ
N3	知識	ちしき	지식	仕事には専門の知識が必要だ。	일에는 전문 지식이 필요하다.	本で得た知識を、実際の仕事にも生かしたい。	책에서 얻은 지식을 실제 업무에도 활용하고 싶다.	学んで知っていること
N3	能力	のうりょく	능력	彼には人をまとめる能力がある。	그는 사람을 이끄는 능력이 있다.	自分の能力に合った仕事を選ぶことも大切だ。	자신의 능력에 맞는 일을 고르는 것도 중요하다.	物事を行う力
N3	技術	ぎじゅつ	기술	新しい技術を学ぶ。	새 기술을 배운다.	この工場では、長年の技術を若い人に伝えている。	이 공장에서는 오랜 기술을 젊은 사람들에게 전하고 있다.	専門的なやり方や技能
N3	研究	けんきゅう	연구	大学で環境について研究している。	대학에서 환경에 관해 연구하고 있다.	研究を進めるうちに、予想と違う結果が出てきた。	연구를 진행하면서 예상과 다른 결과가 나왔다.	詳しく調べて考えること
N3	努力	どりょく	노력	毎日、上達のために努力する。	매일 실력을 높이기 위해 노력한다.	すぐに結果が出なくても、努力を続けることが大切だ。	바로 결과가 나오지 않더라도 노력을 계속하는 것이 중요하다.	目標に向けて力を尽くすこと
N3	成長	せいちょう	성장	子供の成長は早い。	아이의 성장은 빠르다.	失敗から学ぶことで、人として成長できると思う。	실패에서 배우면 한 사람으로서 성장할 수 있다고 생각한다.	育って大きくなること
N3	進歩	しんぽ	진보	医学は大きく進歩した。	의학은 크게 발전했다.	技術の進歩によって、できる仕事が増えてきた。	기술의 진보로 할 수 있는 일이 늘어났다.	以前よりよくなること
N3	発展	はってん	발전	町は少しずつ発展している。	마을은 조금씩 발전하고 있다.	駅ができたことが、この地域の発展につながった。	역이 생긴 것이 이 지역의 발전으로 이어졌다.	規模が大きくなり盛んになること
N3	変化	へんか	변화	気温の変化に注意してください。	기온 변화에 주의해 주세요.	引っ越してから、生活に大きな変化があった。	이사한 뒤 생활에 큰 변화가 있었다.	以前と違う状態になること
N2	判断	はんだん	판단	資料を見てから判断する。	자료를 보고 판단한다.	十分な情報がないまま、急いで判断するのは避けたい。	충분한 정보 없이 서둘러 판단하는 것은 피하고 싶다.	状況を考えて決めること
N2	検討	けんとう	검토	新しい案を検討する。	새 방안을 검토한다.	費用と効果の両方を検討した上で、導入を決めた。	비용과 효과를 모두 검토한 후 도입을 결정했다.	よく調べて考えること
N2	提案	ていあん	제안	会議で新しい提案をした。	회의에서 새 제안을 했다.	作業時間を減らすため、手順の見直しを提案した。	작업 시간을 줄이려고 절차를 재검토하자고 제안했다.	案を出すこと
N2	資料	しりょう	자료	会議の資料を配る。	회의 자료를 나눠 준다.	結論だけでなく、判断に用いた資料も公開すべきだ。	결론뿐 아니라 판단에 사용한 자료도 공개해야 한다.	判断のもとになる記録
N2	制度	せいど	제도	新しい制度が始まる。	새 제도가 시작된다.	利用者の声を受けて、支援制度の対象が広がった。	이용자의 의견을 반영하여 지원 제도의 대상이 확대되었다.	社会で決められた仕組み
N2	課題	かだい	과제	大きな課題が残っている。	큰 과제가 남아 있다.	便利になった一方で、個人情報をどう守るかが課題となった。	편리해진 한편 개인정보를 어떻게 보호할지가 과제가 되었다.	解決しなければならない問題
N2	方針	ほうしん	방침	会社の方針を説明する。	회사의 방침을 설명한다.	短期的な利益より品質を重視するという方針は変わらない。	단기 이익보다 품질을 중시한다는 방침은 변하지 않는다.	進む方向についての考え
N2	対策	たいさく	대책	暑さへの対策を考える。	더위에 대한 대책을 생각한다.	同じ事故を繰り返さないよう、具体的な対策を立てた。	같은 사고를 반복하지 않도록 구체적인 대책을 세웠다.	問題に対応するための方法
N2	基準	きじゅん	기준	選ぶ基準を決める。	선택 기준을 정한다.	誰が審査しても同じ結果になるよう、基準を明確にした。	누가 심사해도 같은 결과가 나오도록 기준을 명확히 했다.	判断のよりどころ
N2	評価	ひょうか	평가	作品は高い評価を受けた。	작품은 높은 평가를 받았다.	結果だけでなく、そこに至る努力も評価してほしい。	결과뿐 아니라 거기에 이르기까지의 노력도 평가받고 싶다.	価値を判断すること
N2	分析	ぶんせき	분석	データを分析する。	데이터를 분석한다.	売上が下がった理由を分析し、改善案をまとめた。	매출이 하락한 이유를 분석하고 개선안을 정리했다.	要素に分けて詳しく調べること
N2	調査	ちょうさ	조사	住民への調査を行う。	주민 대상 조사를 실시한다.	詳しい調査を行ったところ、設備に問題が見つかった。	상세하게 조사한 결과 설비에서 문제가 발견되었다.	実態を調べること
N2	統計	とうけい	통계	人口の統計を調べる。	인구 통계를 찾아본다.	一つの事例だけでなく、統計に基づいて傾向を捉える。	하나의 사례만이 아니라 통계를 바탕으로 경향을 파악한다.	多くの数値をまとめた資料
N2	比較	ひかく	비교	二つの方法を比較する。	두 방법을 비교한다.	同じ条件で比較しなければ、性能の違いは分からない。	같은 조건에서 비교하지 않으면 성능 차이를 알 수 없다.	違いを知るために比べること
N2	予測	よそく	예측	来年の需要を予測する。	내년 수요를 예측한다.	過去のデータから予測したが、実際の結果は大きく異なった。	과거 데이터로 예측했지만 실제 결과는 크게 달랐다.	将来のことを前もって考えること
N2	証明	しょうめい	증명	正しいことを証明する。	옳다는 것을 증명한다.	その説明が正しいと証明するには、別の実験が必要だ。	그 설명이 옳다고 증명하려면 별도의 실험이 필요하다.	確かな根拠で正しさを示すこと
N2	仮定	かてい	가정	条件が同じだと仮定する。	조건이 같다고 가정한다.	全員が参加すると仮定して、必要な費用を計算した。	전원이 참가한다고 가정하여 필요한 비용을 계산했다.	仮にそうだと考えること
N2	結論	けつろん	결론	話し合って結論を出す。	논의하여 결론을 낸다.	十分に議論しないまま結論を出すことには反対だ。	충분히 논의하지 않은 채 결론을 내는 것에는 반대다.	考えた末に出す判断
N2	根本	こんぽん	근본	問題を根本から見直す。	문제를 근본부터 재검토한다.	表面的な対策だけでは、根本にある原因は取り除けない。	표면적인 대책만으로는 근본에 있는 원인을 제거할 수 없다.	物事のおおもと
N2	本質	ほんしつ	본질	問題の本質を考える。	문제의 본질을 생각한다.	見た目の違いに気を取られて、問題の本質を見失っていた。	겉모습 차이에 정신이 팔려 문제의 본질을 놓치고 있었다.	最も重要な性質
N1	概念	がいねん	개념	新しい概念を学ぶ。	새 개념을 배운다.	具体的な事例を示すことで、抽象的な概念への理解が深まる。	구체적인 사례를 제시하면 추상적인 개념에 대한 이해가 깊어진다.	物事に共通する特徴をまとめた考え
N1	根拠	こんきょ	근거	判断の根拠を示す。	판단 근거를 제시한다.	客観的な根拠に乏しい主張を、そのまま受け入れるわけにはいかない。	객관적인 근거가 빈약한 주장을 그대로 받아들일 수는 없다.	判断を支えるよりどころ
N1	矛盾	むじゅん	모순	二つの説明は矛盾している。	두 설명은 모순된다.	自由を尊重すると言いながら選択を制限するのは、矛盾ではないか。	자유를 존중한다고 하면서 선택을 제한하는 것은 모순이 아닌가.	二つのことが両立しないこと
N1	配慮	はいりょ	배려	周囲への配慮を忘れない。	주변에 대한 배려를 잊지 않는다.	利用者の事情に配慮し、手続きの方法を複数用意した。	이용자의 사정을 배려하여 여러 가지 절차 방법을 마련했다.	相手の事情を考えて気を配ること
N1	妥協	だきょう	타협	双方が妥協して合意した。	양측이 타협하여 합의했다.	価格では妥協できても、安全性に関しては一切譲れない。	가격에서는 타협할 수 있어도 안전성에 관해서는 전혀 양보할 수 없다.	互いに譲って折り合うこと
N1	把握	はあく	파악	全体の状況を把握する。	전체 상황을 파악한다.	問題の全容を把握しないまま対策を講じても、十分な効果は期待できない。	문제의 전모를 파악하지 않고 대책을 마련해도 충분한 효과는 기대할 수 없다.	全体をしっかり理解すること
N1	認識	にんしき	인식	問題の重要性を認識する。	문제의 중요성을 인식한다.	当事者と周囲の認識に隔たりがあり、話し合いは難航した。	당사자와 주변의 인식에 차이가 있어 논의가 난항을 겪었다.	物事の意味を理解して捉えること
N1	洞察	どうさつ	통찰	相手の心理を洞察する。	상대의 심리를 통찰한다.	表面的な変化の背後にある構造を見抜くには、深い洞察が求められる。	표면적 변화의 배후에 있는 구조를 꿰뚫어 보려면 깊은 통찰이 요구된다.	本質を見抜くこと
N1	推測	すいそく	추측	原因を推測する。	원인을 추측한다.	断片的な情報だけで相手の意図を推測するのは、誤解を招きかねない。	단편적인 정보만으로 상대의 의도를 추측하면 오해를 부를 수 있다.	手掛かりから考えること
N1	推進	すいしん	추진	新しい事業を推進する。	새 사업을 추진한다.	環境対策を推進するには、行政だけでなく企業の協力も欠かせない。	환경 대책을 추진하려면 행정기관뿐 아니라 기업의 협력도 필수다.	物事を前へ進めること
N1	展開	てんかい	전개	議論が新たな展開を見せた。	논의가 새로운 전개를 보였다.	予想外の展開に直面したが、柔軟に方針を変えて対応した。	예상치 못한 전개에 직면했지만 방침을 유연하게 바꾸어 대응했다.	物事が広がり進むこと
N1	過程	かてい	과정	結果より過程を重視する。	결과보다 과정을 중시한다.	合意に至る過程を公開することで、決定への信頼を確保した。	합의에 이르는 과정을 공개하여 결정에 대한 신뢰를 확보했다.	物事が進んでいく道筋
N1	経緯	けいい	경위	事件の経緯を説明する。	사건의 경위를 설명한다.	結論だけを伝えるのではなく、そこに至った経緯も共有すべきだ。	결론만 전하는 것이 아니라 거기에 이른 경위도 공유해야 한다.	これまでの成り行き
N1	背景	はいけい	배경	事件の背景を調べる。	사건의 배경을 조사한다.	制度が成立した社会的背景を踏まえなければ、その意義は理解しにくい。	제도가 성립한 사회적 배경을 고려하지 않으면 그 의의는 이해하기 어렵다.	物事の背後にある事情
N1	実態	じったい	실태	現場の実態を知る。	현장의 실태를 안다.	表向きの数字と現場の実態との間には、大きな隔たりがあった。	겉으로 드러난 수치와 현장 실태 사이에는 큰 차이가 있었다.	実際のありさま
N1	実践	じっせん	실천	学んだことを実践する。	배운 것을 실천한다.	理念を掲げるだけでは不十分で、それを日常の業務で実践する必要がある。	이념을 내세우는 것만으로는 부족하며 일상 업무에서 실천할 필요가 있다.	考えを実際の行動に移すこと
N1	遂行	すいこう	수행	責任を持って任務を遂行する。	책임지고 임무를 수행한다.	限られた人員で計画を遂行するため、作業の優先順位を明確にした。	제한된 인원으로 계획을 수행하기 위해 작업 우선순위를 명확히 했다.	最後までやり通すこと
N1	達成	たっせい	달성	目標を達成する。	목표를 달성한다.	目標の達成自体を目的にしてしまうと、本来の意義を見失いかねない。	목표 달성 자체를 목적으로 삼으면 본래 의의를 놓칠 수 있다.	目標を成し遂げること
N1	促進	そくしん	촉진	地域の交流を促進する。	지역 교류를 촉진한다.	情報共有の仕組みを整え、部門間の連携を促進した。	정보 공유 체계를 갖추어 부서 간 협력을 촉진했다.	物事が進むように働き掛けること
N1	抑制	よくせい	억제	感情を抑制する。	감정을 억제한다.	需要の急増に対し、消費を抑制する措置が取られた。	수요 급증에 대응하여 소비를 억제하는 조치가 취해졌다.	行き過ぎないように抑えること
