駆けっこ,駆け足	子供たちは駆けっこをしながら、駆け足で公園へ向かいました。	아이들은 달리기 놀이를 하며 공원으로 뛰어갔습니다.
愚痴	愚痴を言うだけでなく、改善方法も考えましょう。	불평만 하지 말고 개선 방법도 생각해 봅시다.
空間	家具を減らすと、自由に使える空間が広がります。	가구를 줄이면 자유롭게 쓸 수 있는 공간이 넓어집니다.
屈折	水に入れた棒が曲がって見えるのは、光の屈折によるものです。	물에 넣은 막대가 굽어 보이는 것은 빛의 굴절 때문입니다.
軍服	博物館に、当時の軍服が展示されています。	박물관에 당시의 군복이 전시되어 있습니다.
傾	この地域では、人口が減少する傾向があります。	이 지역에서는 인구가 감소하는 경향이 있습니다.
契る	二人は、将来を共にすると固く契るのでした。	두 사람은 미래를 함께하겠다고 굳게 맹세했습니다.
敬具,結び	手紙の結びに、敬具と書きました。	편지 맺음말에 '경구'라고 적었습니다.
経る	何度も話し合いを経ることで、互いの理解が深まります。	여러 번 논의를 거치면서 서로에 대한 이해가 깊어집니다.
警部	警部が現場に到着し、状況を確認しました。	경부가 현장에 도착하여 상황을 확인했습니다.
軽減	作業の負担を軽減するため、道具を改良しました。	작업 부담을 줄이기 위해 도구를 개량했습니다.
傑	展覧会では、近代絵画の傑作を紹介しています。	전시회에서는 근대 회화의 걸작을 소개합니다.
決まり悪い	名前を間違えてしまい、決まり悪い思いをしました。	이름을 잘못 불러 멋쩍었습니다.
結び付き,結束	地域の結び付きが強まり、住民の結束も固まりました。	지역의 유대가 강해지고 주민들의 결속도 단단해졌습니다.
月日	書類には、生まれた年月日を記入してください。	서류에는 태어난 연월일을 적어 주세요.
兼ねて	現地調査を兼ねて、出張することになりました。	현지 조사를 겸하여 출장 가게 되었습니다.
兼業	父は会社勤めと農業を兼業しています。	아버지는 회사 생활과 농업을 겸업하고 계십니다.
懸賞	雑誌の懸賞に応募して、本が当たりました。	잡지 경품 행사에 응모하여 책에 당첨되었습니다.
見せ物	祭りの広場では、珍しい見せ物が人気を集めました。	축제 광장에서는 보기 드문 구경거리가 인기를 끌었습니다.
謙る	必要以上に謙るより、率直に考えを伝えましょう。	필요 이상으로 자신을 낮추기보다 생각을 솔직하게 전합시다.
軒並み	台風の影響で、店が軒並み休業しました。	태풍 영향으로 가게들이 줄줄이 휴업했습니다.
元首,国交	両国の元首が会談し、国交について協議しました。	양국 국가원수가 회담하여 국교에 관해 협의했습니다.
元年	新しい時代の元年を記念する式典が開かれました。	새 시대의 원년을 기념하는 의식이 열렸습니다.
原,原点	研究の原点に戻り、元の原資料を読み直しました。	연구의 원점으로 돌아가 원자료를 다시 읽었습니다.
原っぱ	家の近くの原っぱで、子供たちが遊んでいます。	집 근처 빈 들판에서 아이들이 놀고 있습니다.
減点	名前を書き忘れると、減点されることがあります。	이름을 쓰지 않으면 감점될 수 있습니다.
源	十分な睡眠は、毎日の元気の源です。	충분한 수면은 매일의 활력의 원천입니다.
古,考古学	考古学の資料を通して、古の人々の生活を学びます。	고고학 자료를 통해 옛사람들의 생활을 배웁니다.
固める	証拠を集めてから、方針を固めることにしました。	증거를 모은 다음 방침을 굳히기로 했습니다.
故	故田中氏の功績を紹介する本が出版されました。	고 다나카 씨의 업적을 소개하는 책이 출판되었습니다.
股	ズボンの股の部分が、少しきつく感じます。	바지의 가랑이 부분이 조금 조이게 느껴집니다.
御	ご参加の皆様に、御礼申し上げます。	참가하신 여러분께 감사 말씀을 드립니다.
御免ください	店の入り口で、御免くださいと声をかけました。	가게 입구에서 실례합니다라고 불렀습니다.
碁盤	祖父と碁盤を挟んで、囲碁を楽しみました。	할아버지와 바둑판을 사이에 두고 바둑을 즐겼습니다.
光熱費	節電によって、今月の光熱費を抑えられました。	절전을 통해 이번 달 광열비를 줄일 수 있었습니다.
公認	この記録は、大会の公認記録として認められました。	이 기록은 대회 공인 기록으로 인정되었습니다.
公募	市は、新しい施設の名前を公募しています。	시는 새 시설의 이름을 공모하고 있습니다.
控室	出演者は、控室で出番を待っています。	출연자는 대기실에서 차례를 기다리고 있습니다.
構え	相手が動いても、基本の構えを崩さないでください。	상대가 움직여도 기본 자세를 흐트러뜨리지 마세요.
溝	工場の排水溝を、定期的に清掃します。	공장의 배수구를 정기적으로 청소합니다.
甲	十干の最初は、甲です。	십간의 첫 번째는 갑입니다.
行き違い	連絡の行き違いで、違う場所に集合してしまいました。	연락이 엇갈려 서로 다른 장소에 모였습니다.
講読	授業では、古典文学の講読を行います。	수업에서는 고전문학 강독을 진행합니다.
鉱業,採掘	この町の鉱業は、銅の採掘から発展しました。	이 마을의 광업은 구리 채굴에서 발전했습니다.
降水	明日の降水確率を確認してから、傘を用意しました。	내일 강수 확률을 확인한 다음 우산을 준비했습니다.
合議	重要な方針は、一人でなく合議によって決めます。	중요한 방침은 혼자가 아니라 합의로 결정합니다.
合成	二つの材料を合成して、新しい素材を作りました。	두 재료를 합성하여 새로운 소재를 만들었습니다.
国定,国有	国有の森林を含む地域が、国定公園に指定されました。	국유 산림을 포함한 지역이 국정공원으로 지정되었습니다.
頃	子供の頃によく遊んだ場所を訪ねました。	어릴 때 자주 놀던 장소를 찾아갔습니다.
今晩は	帰宅した隣人に、今晩はと挨拶しました。	귀가한 이웃에게 저녁 인사를 했습니다.
魂	静かな音楽を聴きながら、鎮魂の祈りをささげた。	조용한 음악을 들으며 진혼의 기도를 올렸다.
些事	些事に気を取られず、大切な課題に集中しましょう。	사소한 일에 정신을 빼앗기지 말고 중요한 과제에 집중합시다.
佐	歴史小説に登場する大佐が、部隊を率いています。	역사소설에 등장하는 대령이 부대를 이끌고 있습니다.
差し支える	明日の仕事に差し支えるので、早めに寝ます。	내일 업무에 지장이 생기므로 일찍 잡니다.
座談会	卒業生を招き、仕事についての座談会を開きました。	졸업생을 초청하여 직업에 관한 좌담회를 열었습니다.
座標	地図上の座標を使って、位置を正確に示しました。	지도 좌표를 이용하여 위치를 정확히 나타냈습니다.
哉	古い文章の「何ぞ哉」という表現に、疑問の意味が込められています。	옛 문장의 '何ぞ哉'라는 표현에는 의문의 뜻이 담겨 있습니다.
際	窓の際に、小さな鉢植えを置きました。	창가 가장자리에 작은 화분을 놓았습니다.
財源	新しい事業の財源を、慎重に検討します。	새 사업의 재원을 신중히 검토합니다.
作物	文学者として残した作物の中から、代表作を選びました。	문학가로서 남긴 작품 중에서 대표작을 골랐습니다.
錯誤	試行錯誤を重ねて、使いやすい形に改良しました。	시행착오를 거듭하여 사용하기 편한 형태로 개선했습니다.
刷り	この本は、初めの刷りよりも印刷が鮮明です。	이 책은 첫 인쇄분보다 인쇄가 선명합니다.
擦れる	靴が足に擦れると、痛みが出ることがあります。	신발이 발에 쓸리면 통증이 생길 수 있습니다.
擦れ違い	気持ちの擦れ違いを解くために、よく話し合いました。	감정의 엇갈림을 풀기 위해 충분히 대화했습니다.
雑木	雑木の多い林を抜けると、池が見えました。	잡목이 많은 숲을 지나자 연못이 보였습니다.
参上	約束の時間に、事務所へ参上いたします。	약속한 시간에 사무실로 찾아뵙겠습니다.
桟橋	船を降りて、桟橋をゆっくり歩きました。	배에서 내려 부두의 잔교를 천천히 걸었습니다.
産後,産婦人科	産後の体調について、産婦人科で相談しました。	산후의 몸 상태에 대해 산부인과에서 상담했습니다.
仕付ける	布がずれないように、先に糸で仕付けることにしました。	천이 어긋나지 않도록 먼저 실로 시침질하기로 했습니다.
仕舞	客が帰ったので、そろそろ店仕舞を始めます。	손님이 돌아갔으므로 슬슬 가게 문을 닫을 준비를 합니다.
司法	授業で、立法と行政と司法の役割を学びました。	수업에서 입법과 행정과 사법의 역할을 배웠습니다.
施行	改正された法律は、来年から施行されます。	개정된 법률은 내년부터 시행됩니다.
私物,私有	私有地の倉庫には、所有者の私物が置かれています。	사유지 창고에는 소유자의 개인 물건이 놓여 있습니다.
歯科	歯科で、定期検診を受けました。	치과에서 정기 검진을 받았습니다.
字	この住所では、町名の後に字の名前が続きます。	이 주소에서는 마을 이름 뒤에 작은 행정구역 이름이 이어집니다.
字体	読みやすい字体を選んで、案内板を作りました。	읽기 쉬운 글자체를 골라 안내판을 만들었습니다.
持続	集中力を持続させるため、適度に休憩します。	집중력을 유지하기 위해 적절히 쉽니다.
次	準備ができ次第、出発します。	준비가 되는 대로 출발합니다.
治安	旅行先の治安を、出発前に確認します。	여행지의 치안을 출발 전에 확인합니다.
磁器	薄い磁器のカップで、お茶を飲みました。	얇은 자기 찻잔으로 차를 마셨습니다.
耳鼻科	耳の聞こえが気になり、耳鼻科を受診しました。	청력이 걱정되어 이비인후과 진료를 받았습니다.
自主,主導	学生が主導し、自主的な勉強会を始めました。	학생들이 주도하여 자발적인 공부 모임을 시작했습니다.
式場,祝賀	式場には、祝賀の花がたくさん届きました。	식장에 축하 꽃이 많이 도착했습니다.
失調	体の不調が続き、自律神経の失調について医師に相談しました。	몸의 이상이 이어져 자율신경 실조에 대해 의사와 상담했습니다.
質疑	発表の後で、質疑応答の時間を設けます。	발표 후 질의응답 시간을 마련합니다.
実費	参加費のほかに、交通費は実費で負担します。	참가비 외에 교통비는 실제 비용만큼 부담합니다.
社宅	転勤に合わせて、会社の社宅へ引っ越しました。	전근에 맞추어 회사 사택으로 이사했습니다.
謝絶	入口には、面会謝絶の札が掛かっています。	입구에는 면회 사절이라는 표지가 걸려 있습니다.
取り混ぜる	新旧の作品を取り混ぜると、展示に変化が生まれます。	신작과 구작을 섞으면 전시에 변화가 생깁니다.
取り次ぐ	担当者に電話を取り次ぐので、そのままお待ちください。	담당자에게 전화를 연결하겠으니 그대로 기다려 주세요.
取り替え	電池の取り替えが必要です。	배터리 교체가 필요합니다.
取り分	今回の展示は、取り分け写真作品が充実しています。	이번 전시는 특히 사진 작품이 풍부합니다.
守備	この選手は、守備でもチームに貢献しています。	이 선수는 수비에서도 팀에 기여합니다.
手引き	新入社員向けに、業務の手引きを作りました。	신입사원을 위해 업무 안내서를 만들었습니다.
手回し,手際	事前の手回しがよく、当日も手際よく進みました。	사전 준비가 잘되어 당일에도 솜씨 좋게 진행되었습니다.
手数	お手数をおかけしますが、もう一度確認してください。	번거롭게 해 드려 죄송하지만 한 번 더 확인해 주세요.
殊に	この町は、殊に春の景色が美しいです。	이 마을은 특히 봄 경치가 아름답습니다.
周期	この装置は、一定の周期で点検します。	이 장치는 일정한 주기로 점검합니다.
就業	就業時間が終わったので、帰る準備をしました。	근무 시간이 끝나 귀가 준비를 했습니다.
修学	学生たちは、修学旅行で歴史のある町を訪れました。	학생들은 수학여행으로 역사가 있는 마을을 방문했습니다.
修行	彼は職人として、長い修行を積みました。	그는 장인으로서 오랜 수련을 쌓았습니다.
衆	大衆の声を聞くため、公開の討論会を開きました。	대중의 목소리를 듣기 위해 공개 토론회를 열었습니다.
住	衣食住を整えることが、生活の基本です。	의식주를 갖추는 것이 생활의 기본입니다.
重	春になると、八重桜が美しく咲きます。	봄이 되면 겹벚꽃이 아름답게 핍니다.
重なる	予定が重なるため、時間を調整しました。	일정이 겹쳐 시간을 조정했습니다.
重んずる	相手の立場を重んずる姿勢が、信頼につながります。	상대의 입장을 존중하는 태도가 신뢰로 이어집니다.
重複	同じ内容の重複を避けて、文章を短くしました。	같은 내용이 중복되지 않게 하여 글을 줄였습니다.
重宝	この軽い道具は、旅行のときに重宝します。	이 가벼운 도구는 여행할 때 요긴하게 쓰입니다.
重役	会社の重役が、事業の方針を説明しました。	회사 임원이 사업 방침을 설명했습니다.
銃	博物館では、古い銃が安全に展示されています。	박물관에서는 옛 총이 안전하게 전시되어 있습니다.
縮まる	練習を続けると、記録が少しずつ縮まることがあります。	연습을 계속하면 기록이 조금씩 단축될 수 있습니다.
出切る	用意した意見が出切るまで、話し合いを続けました。	준비한 의견이 모두 나올 때까지 논의를 계속했습니다.
出直し	書類が足りないため、明日出直しになりました。	서류가 부족하여 내일 다시 오게 되었습니다.
出来物	腕に小さな出来物ができたので、医師に見てもらいました。	팔에 작은 종기가 생겨 의사에게 진찰받았습니다.
準じる,準ずる	新しい規定に準じる対応と、従来の基準に準ずる対応を比べました。	새 규정에 따르는 대응과 기존 기준에 준하는 대응을 비교했습니다.
準急	この駅には、準急も停車します。	이 역에는 준급행도 정차합니다.
潤う	雨のおかげで、乾いた畑が潤うでしょう。	비 덕분에 메마른 밭이 촉촉해질 것입니다.
初耳	その店が閉まるとは、初耳です。	그 가게가 문을 닫는다니 처음 듣는 이야기입니다.
庶務	庶務の担当者に、備品の注文をお願いしました。	서무 담당자에게 비품 주문을 부탁했습니다.
助	周囲の援助が、大きな助けになりました。	주변의 원조가 큰 도움이 되었습니다.
女子	女子の参加者も、年々増えています。	여성 참가자도 해마다 늘고 있습니다.
徐々	練習の成果が、徐々に現れてきました。	연습 성과가 서서히 나타나기 시작했습니다.
傷	作業中の負傷を防ぐため、手袋を着けます。	작업 중 부상을 막기 위해 장갑을 낍니다.
商	割り算の答えは、商と呼ばれます。	나눗셈의 답은 몫이라고 부릅니다.
小児科	子供の発熱が続くので、小児科で相談しました。	아이의 열이 계속되어 소아과에서 상담했습니다.
梢	鳥が木の梢に止まっています。	새가 나무 끝가지에 앉아 있습니다.
消去	不要な写真を消去する前に、内容を確認しました。	필요 없는 사진을 지우기 전에 내용을 확인했습니다.
焦げ茶	焦げ茶の靴に合う、かばんを選びました。	짙은 갈색 신발에 어울리는 가방을 골랐습니다.
省みる	一日の行動を省みる時間を、大切にしています。	하루 행동을 돌아보는 시간을 소중히 여깁니다.
象	自然現象を観察して、変化の規則を探します。	자연현상을 관찰하여 변화의 규칙을 찾습니다.
上下	書類の上下を逆にして、置いてしまいました。	서류의 위아래를 반대로 놓아 버렸습니다.
上手	交渉では、相手の方が一枚上手でした。	협상에서는 상대방이 한 수 위였습니다.
丈夫	物語には、勇敢な丈夫が登場します。	이야기에는 용감한 대장부가 등장합니다.
城下	城下の町には、古い建物が多く残っています。	성 아래 마을에는 옛 건물이 많이 남아 있습니다.
情,情け深い	情け深い人々の情に触れ、心が温まりました。	인정 많은 사람들의 정을 느껴 마음이 따뜻해졌습니다.
状	先生に、近況を伝える礼状を書きました。	선생님께 근황을 전하는 감사 편지를 썼습니다.
畳	この部屋は、六畳の広さです。	이 방의 넓이는 다다미 여섯 장입니다.
信任	新しい代表が、会員から信任を得ました。	새 대표가 회원들의 신임을 얻었습니다.
心掛け	日頃の心掛けが、事故の予防につながります。	평소의 주의와 마음가짐이 사고 예방으로 이어집니다.
心中	授業では、心中を題材にした古典作品の社会背景を考えました。	수업에서는 동반자살을 소재로 한 고전 작품의 사회적 배경을 생각했습니다.
振動	機械の振動が大きくなったので、運転を止めました。	기계의 진동이 커져 가동을 멈췄습니다.
新興	新興企業が、独自の技術で注目を集めています。	신흥 기업이 독자적인 기술로 주목받고 있습니다.
真っ二つ	強い風で、枝が真っ二つに折れました。	강한 바람에 나뭇가지가 두 동강 났습니다.
真ん丸い	夜空に、真ん丸い月が見えます。	밤하늘에 동그란 달이 보입니다.
真実	うわさを信じる前に、真実を確かめましょう。	소문을 믿기 전에 진실을 확인합시다.
親善	両国の選手が、親善試合を行いました。	양국 선수들이 친선 경기를 했습니다.
進呈	参加者全員に、記念品を進呈します。	참가자 전원에게 기념품을 드립니다.
進度	理解の進度に合わせて、問題を選びます。	이해 진도에 맞추어 문제를 고릅니다.
塵取り	ほうきで集めたごみを、塵取りに入れました。	빗자루로 모은 쓰레기를 쓰레받기에 담았습니다.
吹奏	式典では、楽団が行進曲を吹奏しました。	의식에서는 악단이 행진곡을 관악기로 연주했습니다.
水気	野菜の水気を切ってから、皿に盛りました。	채소의 물기를 뺀 다음 접시에 담았습니다.
水洗	容器を水洗して、よく乾かしました。	용기를 물로 씻고 충분히 말렸습니다.
水田	水田に、青い空が映っています。	논에 파란 하늘이 비치고 있습니다.
数詞	日本語の数詞と助数詞を、組み合わせて練習します。	일본어 수사와 조수사를 조합하여 연습합니다.
据え付ける	新しい機械を据え付ける前に、床の強度を確認します。	새 기계를 설치하기 전에 바닥의 강도를 확인합니다.
世辞	彼は世辞ではなく、本心から褒めてくれました。	그는 빈말이 아니라 진심으로 칭찬해 주었습니다.
世帯	この建物には、十世帯が住んでいます。	이 건물에는 열 가구가 살고 있습니다.
姓名	申込書に、姓名を省略せず記入してください。	신청서에 성명을 생략하지 말고 적어 주세요.
成る丈	成る丈早く、結果をお知らせします。	가능한 한 빨리 결과를 알려 드리겠습니다.
正規	正規の手続きを経て、利用を申し込みました。	정규 절차를 거쳐 이용을 신청했습니다.
清らか	山から流れる清らかな水を眺めました。	산에서 흘러오는 맑고 깨끗한 물을 바라보았습니다.
清純	物語の主人公は、清純な心を持つ若者です。	이야기의 주인공은 청순한 마음을 지닌 젊은이입니다.
清濁	組織を率いるには、清濁併せ呑む度量が必要だと言われます。	조직을 이끌려면 선과 악을 함께 포용하는 도량이 필요하다고들 합니다.
生	生糸から、絹織物が作られます。	생사로 비단 직물을 만듭니다.
生温い	時間がたって、飲み物が生温くなりました。	시간이 지나 음료가 미지근해졌습니다.
生計	彼女は翻訳の仕事で、生計を立てています。	그녀는 번역 일을 하며 생계를 꾸립니다.
生臭い	魚を切った後、手に生臭いにおいが残りました。	생선을 자른 뒤 손에 비린내가 남았습니다.
生身	生身の人間なので、休まずに働き続けることはできません。	살아 있는 인간이므로 쉬지 않고 계속 일할 수는 없습니다.
静的	静的な画像と、動く映像を比較しました。	정적인 이미지와 움직이는 영상을 비교했습니다.
跡継ぎ,先代	跡継ぎは、先代の技術を受け継いでいます。	후계자는 선대의 기술을 이어받고 있습니다.
切ない	故郷の写真を見ると、切ない気持ちになります。	고향 사진을 보면 애틋하고 서글픈 마음이 듭니다.
切り替える	失敗を引きずらず、気持ちを切り替えることにしました。	실패에 얽매이지 않고 마음을 전환하기로 했습니다.
切開	手術の説明で、切開する位置について聞きました。	수술 설명에서 절개할 위치에 대해 들었습니다.
折り返す	目的地に着いたら、その道を折り返す予定です。	목적지에 도착하면 그 길로 되돌아갈 예정입니다.
折衷,妥結	双方の案を折衷し、交渉が妥結しました。	양측 안을 절충하여 협상이 타결되었습니다.
絶つ	悪い習慣を絶つために、生活を見直しました。	나쁜 습관을 끊기 위해 생활을 다시 살폈습니다.
仙	昔話には、山で暮らす仙人が登場します。	옛이야기에는 산에서 사는 신선이 등장합니다.
先先月,先先週	先先月予約した宿に、先先週泊まりました。	지지난달 예약한 숙소에 지지난주 묵었습니다.
先着	記念品は、先着百名にお渡しします。	기념품은 선착순 백 명에게 드립니다.
宣教	歴史の授業で、宣教活動と文化交流について学びました。	역사 수업에서 선교 활동과 문화 교류에 대해 배웠습니다.
専修	大学では、日本文学を専修しています。	대학에서는 일본문학을 전공하고 있습니다.
戦災	戦災から町が復興するまでの記録を読みました。	전쟁 피해에서 마을이 복구되기까지의 기록을 읽었습니다.
浅ましい	他人の物を奪おうとする浅ましい考えは、捨てましょう。	남의 물건을 빼앗으려는 비열한 생각은 버립시다.
潜る	低い門を潜るとき、頭を下げました。	낮은 문 아래를 지날 때 고개를 숙였습니다.
膳	お客様の前に、食事の膳を運びました。	손님 앞에 식사상을 날랐습니다.
粗筋	映画を見る前に、粗筋だけ読みました。	영화를 보기 전에 줄거리만 읽었습니다.
鼠	壁の隅から、小さな鼠が顔を出しました。	벽 구석에서 작은 쥐가 얼굴을 내밀었습니다.
相,相対	二人は相対し、相手の目を見て話しました。	두 사람은 마주 앉아 상대의 눈을 보며 말했습니다.
蔵	古い蔵には、家族の道具が保管されています。	오래된 창고에는 가족의 도구가 보관되어 있습니다.
蔵相	当時の新聞には、蔵相の発言が掲載されています。	당시 신문에는 재무장관의 발언이 실려 있습니다.
其れ共	お茶にしますか、其れ共コーヒーにしますか。	차로 하시겠어요, 아니면 커피로 하시겠어요?
他意	ただ事実を確認しただけで、他意はありません。	그저 사실을 확인했을 뿐 다른 뜻은 없습니다.
打ち消し	この文では、打ち消しの表現が使われています。	이 문장에서는 부정 표현이 사용됩니다.
対面	オンラインで話していた相手と、初めて対面しました。	온라인으로 이야기하던 상대와 처음 대면했습니다.
退化	使わない機能が、長い時間をかけて退化することがあります。	사용하지 않는 기능이 오랜 시간에 걸쳐 퇴화할 수 있습니다.
代	布を切るときは、縫い代を残してください。	천을 자를 때는 시접을 남겨 주세요.
大事	小さな火が、大事に至らずに消えました。	작은 불이 큰일로 번지지 않고 꺼졌습니다.
大便	体調の変化を知るため、大便の状態も観察します。	몸 상태의 변화를 알기 위해 대변의 상태도 관찰합니다.
誰	入口で、誰が担当者なのか尋ねました。	입구에서 누가 담당자인지 물었습니다.
単	初夏には、裏地のない単の着物を着ます。	초여름에는 안감 없는 홑기모노를 입습니다.
担架	けがをした人を、救急隊が担架で運びました。	구급대가 다친 사람을 들것으로 옮겼습니다.
歎	古い詩には、別れを悲しむ歎きが表れています。	옛 시에는 이별을 슬퍼하는 탄식이 드러납니다.
短歌,短大	短大の授業で、短歌の作り方を学びました。	전문대 수업에서 단카 짓는 법을 배웠습니다.
短波	古いラジオで、短波放送を受信しました。	오래된 라디오로 단파방송을 수신했습니다.
蛋白質	豆や卵は、蛋白質を含む食品です。	콩과 달걀은 단백질을 함유한 식품입니다.
壇	代表者が壇に上がり、挨拶しました。	대표자가 단상에 올라 인사했습니다.
弾力,断面	材料の断面を観察し、弾力も調べました。	재료의 단면을 관찰하고 탄력도 조사했습니다.
地方	地方によって、祭りの形式が異なります。	지방에 따라 축제 형식이 다릅니다.
弛み,弛む	ロープが弛む前に、弛みがないか点検しました。	밧줄이 느슨해지기 전에 처진 부분이 없는지 점검했습니다.
恥じらう	褒められて恥じらう子供の顔が、赤くなりました。	칭찬받아 수줍어하는 아이의 얼굴이 빨개졌습니다.
遅らす	雨のため、出発を一時間遅らすことにしました。	비 때문에 출발을 한 시간 늦추기로 했습니다.
畜産	この地域では、畜産と農業が盛んです。	이 지역에서는 축산과 농업이 활발합니다.
茶の間	夕食の後、家族で茶の間に集まりました。	저녁 식사 후 가족이 거실에 모였습니다.
