山,川,見る	山の上から川が見えます。	やまのうえからかわがみえます。	산 위에서 강이 보입니다.
水,飲む,冷たい	冷たい水を飲みます。	つめたいみずをのみます。	차가운 물을 마십니다.
火,消す	料理が終わったら、火を消してください。	りょうりがおわったら、ひをけしてください。	요리가 끝나면 불을 꺼 주세요.
木,家,前	家の前に大きな木があります。	いえのまえにおおきなきがあります。	집 앞에 큰 나무가 있습니다.
学校,行く,毎日	毎日、歩いて学校へ行きます。	まいにち、あるいてがっこうへいきます。	매일 걸어서 학교에 갑니다.
先生,日本語,教える	先生は日本語を教えています。	せんせいはにほんごをおしえています。	선생님은 일본어를 가르치고 있습니다.
学生,図書館,勉強	学生たちは図書館で勉強しています。	がくせいたちはとしょかんでべんきょうしています。	학생들은 도서관에서 공부하고 있습니다.
名前,書く,ここ	ここに名前を書いてください。	ここになまえをかいてください。	여기에 이름을 써 주세요.
友達,会う,明日	明日、友達に会います。	あした、ともだちにあいます。	내일 친구를 만납니다.
日,休み	次の休みの日に、部屋を片づけます。	つぎのやすみのひに、へやをかたづけます。	다음 쉬는 날에 방을 정리합니다.
月,夜,明るい	今夜は月が明るいですね。	こんやはつきがあかるいですね。	오늘 밤은 달이 밝네요.
空,青い	今日は空が青いです。	きょうはそらがあおいです。	오늘은 하늘이 파랗습니다.
雨,傘,持つ	雨が降りそうなので、傘を持っていきます。	あめがふりそうなので、かさをもっていきます。	비가 올 것 같아서 우산을 가지고 갑니다.
天気,いい,散歩	天気がいいので、散歩しましょう。	てんきがいいので、さんぽしましょう。	날씨가 좋으니 산책합시다.
今日,忙しい	今日は仕事が忙しいです。	きょうはしごとがいそがしいです。	오늘은 일이 바쁩니다.
昨日,本,読む	昨日、この本を読みました。	きのう、このほんをよみました。	어제 이 책을 읽었습니다.
朝,食べる,パン	朝はパンを食べます。	あさはぱんをたべます。	아침에는 빵을 먹습니다.
聞く,音楽,好き	音楽を聞くのが好きです。	おんがくをきくのがすきです。	음악 듣는 것을 좋아합니다.
来る,母	母は来週、東京に来ます。	はははらいしゅう、とうきょうにきます。	어머니는 다음 주에 도쿄에 옵니다.
帰る,家,早く	今日は早く家に帰ります。	きょうははやくいえにかえります。	오늘은 일찍 집에 돌아갑니다.
買う,店,新しい	この店で新しい靴を買いました。	このみせであたらしいくつをかいました。	이 가게에서 새 신발을 샀습니다.
駅,電車,乗る	駅で電車に乗ります。	えきででんしゃにのります。	역에서 전철을 탑니다.
道,右,曲がる	次の道を右に曲がってください。	つぎのみちをみぎにまがってください。	다음 길에서 오른쪽으로 돌아 주세요.
父,兄,料理	父と兄は台所で料理をしています。	ちちとあにはだいどころでりょうりをしています。	아버지와 형은 부엌에서 요리하고 있습니다.
姉,子供	姉には子供が二人います。	あねにはこどもがふたりいます。	누나에게는 아이가 두 명 있습니다.
大きい,犬,小さい	大きい犬と小さい犬が遊んでいます。	おおきいいぬとちいさいいぬがあそんでいます。	큰 개와 작은 개가 놀고 있습니다.
古い,写真	古い写真を見つけました。	ふるいしゃしんをみつけました。	오래된 사진을 찾았습니다.
高い,安い	このかばんは高いですが、あのかばんは安いです。	このかばんはたかいですが、あのかばんはやすいです。	이 가방은 비싸지만 저 가방은 쌉니다.
白い,黒い,猫	白い猫と黒い猫がいます。	しろいねことくろいねこがいます。	흰 고양이와 검은 고양이가 있습니다.
赤い,花	赤い花を一つ買いました。	あかいはなをひとつかいました。	빨간 꽃을 하나 샀습니다.
時間,待つ	まだ時間があるので、ここで待ちましょう。	まだじかんがあるので、ここでまちましょう。	아직 시간이 있으니 여기서 기다립시다.
魚,食べる	夕食に魚を食べました。	ゆうしょくにさかなをたべました。	저녁 식사로 생선을 먹었습니다.
人,多い	日曜日は公園に人が多いです。	にちようびはこうえんにひとがおおいです。	일요일에는 공원에 사람이 많습니다.
おまわりさん,道	おまわりさんに駅までの道を聞きました。	おまわりさんにえきまでのみちをききました。	경찰관에게 역까지 가는 길을 물었습니다.
あさって,出発	あさって、旅行に出発します。	あさって、りょこうにしゅっぱつします。	모레 여행을 떠납니다.
きれい,部屋	この部屋はきれいですね。	このへやはきれいですね。	이 방은 깨끗하네요.
たくさん,野菜	野菜をたくさん食べてください。	やさいをたくさんたべてください。	채소를 많이 드세요.
ある,机	机の上に本があります。	つくえのうえにほんがあります。	책상 위에 책이 있습니다.
いる,庭	庭に猫がいます。	にわにねこがいます。	마당에 고양이가 있습니다.
とても,おいしい	このスープはとてもおいしいです。	このすーぷはとてもおいしいです。	이 수프는 아주 맛있습니다.
ください,メニュー	メニューを見せてください。	めにゅーをみせてください。	메뉴를 보여 주세요.
テレビ,見る	夕食の後でテレビを見ます。	ゆうしょくのあとでてれびをみます。	저녁 식사 후에 텔레비전을 봅니다.
ありがとう,手伝う	手伝ってくれて、ありがとう。	てつだってくれて、ありがとう。	도와줘서 고마워.
できる,一人	一人でできるので、大丈夫です。	ひとりでできるので、だいじょうぶです。	혼자 할 수 있으니 괜찮습니다.
時計,壁	壁に時計がかかっています。	かべにとけいがかかっています。	벽에 시계가 걸려 있습니다.
昼,食堂	昼は食堂でご飯を食べます。	ひるはしょくどうでごはんをたべます。	점심때는 식당에서 밥을 먹습니다.
浴びる,シャワー	運動の後でシャワーを浴びます。	うんどうのあとでしゃわーをあびます。	운동 후에 샤워합니다.
質問,答え	質問を読んで、答えを書いてください。	しつもんをよんで、こたえをかいてください。	질문을 읽고 답을 써 주세요.
説明,分かる	先生の説明で、やり方が分かりました。	せんせいのせつめいで、やりかたがわかりました。	선생님의 설명으로 방법을 이해했습니다.
予定,約束	明日は友達と会う約束があるので、ほかの予定は入れません。	あしたはともだちとあうやくそくがあるので、ほかのよていはいれません。	내일은 친구와 만날 약속이 있어서 다른 일정은 잡지 않습니다.
準備,旅行	旅行の準備はもうできましたか。	りょこうのじゅんびはもうできましたか。	여행 준비는 벌써 다 되었나요?
予習,復習	授業の前に予習し、終わってから復習します。	じゅぎょうのまえによしゅうし、おわってからふくしゅうします。	수업 전에 예습하고 끝난 후에 복습합니다.
練習,続ける	短い時間でも、毎日練習を続けています。	みじかいじかんでも、まいにちれんしゅうをつづけています。	짧은 시간이라도 매일 연습을 이어가고 있습니다.
試験,必要	試験には鉛筆が必要です。	しけんにはえんぴつがひつようです。	시험에는 연필이 필요합니다.
経験,大切	失敗した経験も大切にしたいです。	しっぱいしたけいけんもたいせつにしたいです。	실패했던 경험도 소중히 여기고 싶습니다.
便利,安全	この道は便利ですが、夜は安全に気をつけてください。	このみちはべんりですが、よるはあんぜんにきをつけてください。	이 길은 편리하지만 밤에는 안전에 주의해 주세요.
連絡,相談	困ったときは連絡してください。一緒に相談しましょう。	こまったときはれんらくしてください。いっしょにそうだんしましょう。	곤란할 때는 연락해 주세요. 함께 상의합시다.
予約,病院	病院の予約を取りました。	びょういんのよやくをとりました。	병원 예약을 했습니다.
案内,地図	案内所で地図をもらいました。	あんないじょでちずをもらいました。	안내소에서 지도를 받았습니다.
都合,変える	都合が悪くなったので、約束の時間を変えました。	つごうがわるくなったので、やくそくのじかんをかえました。	사정이 생겨서 약속 시간을 바꿨습니다.
始める,終わる	仕事を始める前に、何時に終わるか確認します。	しごとをはじめるまえに、なんじにおわるかかくにんします。	일을 시작하기 전에 몇 시에 끝나는지 확인합니다.
覚える,忘れる	新しい言葉は、覚えてもすぐに忘れることがあります。	あたらしいことばは、おぼえてもすぐにわすれることがあります。	새로운 단어는 외워도 금방 잊어버릴 때가 있습니다.
調べる,意味	知らない言葉の意味を調べました。	しらないことばのいみをしらべました。	모르는 단어의 뜻을 찾아봤습니다.
比べる,選ぶ	二つの店の値段を比べてから選びます。	ふたつのみせのねだんをくらべてからえらびます。	두 가게의 가격을 비교한 뒤 고릅니다.
決める,考える	よく考えてから、行き先を決めましょう。	よくかんがえてから、いきさきをきめましょう。	잘 생각한 뒤 행선지를 정합시다.
探す,見つける	鍵を探していたら、机の下で見つけました。	かぎをさがしていたら、つくえのしたでみつけました。	열쇠를 찾다가 책상 아래에서 발견했습니다.
働く,医者	姉はこの病院で医者として働いています。	あねはこのびょういんでいしゃとしてはたらいています。	누나는 이 병원에서 의사로 일하고 있습니다.
薬,熱,気分	熱があったので薬を飲みましたが、まだ気分がよくありません。	ねつがあったのでくすりをのみましたが、まだきぶんがよくありません。	열이 나서 약을 먹었지만 아직 몸 상태가 좋지 않습니다.
空港,交通	空港までの交通について調べています。	くうこうまでのこうつうについてしらべています。	공항까지의 교통편을 알아보고 있습니다.
運転,注意	雨の日は、特に注意して運転します。	あめのひは、とくにちゅういしてうんてんします。	비 오는 날에는 특히 주의해서 운전합니다.
生活,文化,習慣	その国で生活すると、文化や習慣の違いに気づきます。	そのくにでせいかつすると、ぶんかやしゅうかんのちがいにきづきます。	그 나라에서 생활하면 문화나 습관의 차이를 알게 됩니다.
季節,景色	季節が変わると、窓から見える景色も変わります。	きせつがかわると、まどからみえるけしきもかわります。	계절이 바뀌면 창문으로 보이는 풍경도 달라집니다.
意見,理由	自分の意見と、その理由を話してください。	じぶんのいけんと、そのりゆうをはなしてください。	자신의 의견과 그 이유를 말해 주세요.
失敗,成功	何度も失敗しましたが、最後には成功しました。	なんどもしっぱいしましたが、さいごにはせいこうしました。	여러 번 실패했지만 마지막에는 성공했습니다.
将来,最近	最近、将来の仕事についてよく考えます。	さいきん、しょうらいのしごとについてよくかんがえます。	최근에 미래의 직업에 대해 자주 생각합니다.
特別,自由	今日は特別な予定がないので、自由に過ごします。	きょうはとくべつなよていがないので、じゆうにすごします。	오늘은 특별한 일정이 없어서 자유롭게 지냅니다.
理解,確認	内容を理解できたか、もう一度確認しましょう。	ないようをりかいできたか、もういちどかくにんしましょう。	내용을 이해했는지 한 번 더 확인합시다.
関係,原因,結果	原因と結果の関係を図にまとめました。	げんいんとけっかのかんけいをずにまとめました。	원인과 결과의 관계를 그림으로 정리했습니다.
影響,状況	天候の影響で、道路の状況が変わることがあります。	てんこうのえいきょうで、どうろのじょうきょうがかわることがあります。	날씨의 영향으로 도로 상황이 달라질 수 있습니다.
条件,参加	参加するための条件を教えてください。	さんかするためのじょうけんをおしえてください。	참가하기 위한 조건을 알려 주세요.
目的,方法	目的に合った方法を選ぶことが大切です。	もくてきにあったほうほうをえらぶことがたいせつです。	목적에 맞는 방법을 선택하는 것이 중요합니다.
情報,知識	新しい情報を、これまでの知識と結びつけて考えます。	あたらしいじょうほうを、これまでのちしきとむすびつけてかんがえます。	새로운 정보를 지금까지의 지식과 연결해 생각합니다.
能力,技術	この仕事には、説明する能力と専門的な技術が必要です。	このしごとには、せつめいするのうりょくとせんもんてきなぎじゅつがひつようです。	이 일에는 설명하는 능력과 전문적인 기술이 필요합니다.
研究,努力	研究を進めるために、毎日の努力を重ねています。	けんきゅうをすすめるために、まいにちのどりょくをかさねています。	연구를 진행하기 위해 매일 노력을 거듭하고 있습니다.
成長,進歩	小さな進歩の積み重ねが、大きな成長につながります。	ちいさなしんぽのつみかさねが、おおきなせいちょうにつながります。	작은 진보의 축적이 큰 성장으로 이어집니다.
発展,変化	町の発展とともに、人々の生活にも変化がありました。	まちのはってんとともに、ひとびとのせいかつにもへんかがありました。	도시의 발전과 함께 사람들의 생활에도 변화가 있었습니다.
協力,活動	地域の人たちと協力して、清掃活動を行いました。	ちいきのひとたちときょうりょくして、せいそうかつどうをおこないました。	지역 사람들과 협력해 청소 활동을 했습니다.
行動,責任	自分の行動には責任を持ちたいです。	じぶんのこうどうにはせきにんをもちたいです。	자신의 행동에는 책임을 지고 싶습니다.
社会,経済,政治	社会の問題を考えるには、経済や政治を学ぶことも役立ちます。	しゃかいのもんだいをかんがえるには、けいざいやせいじをまなぶこともやくだちます。	사회의 문제를 생각할 때는 경제나 정치를 배우는 것도 도움이 됩니다.
産業,農業	この地域では、農業が重要な産業になっています。	このちいきでは、のうぎょうがじゅうようなさんぎょうになっています。	이 지역에서는 농업이 중요한 산업입니다.
環境,自然,守る	自然を守るために、環境への負担を減らしましょう。	しぜんをまもるために、かんきょうへのふたんをへらしましょう。	자연을 지키기 위해 환경에 주는 부담을 줄입시다.
地球,資源,森林	地球の資源について学び、森林の大切さを知りました。	ちきゅうのしげんについてまなび、しんりんのたいせつさをしりました。	지구의 자원에 대해 배우고 숲의 소중함을 알게 되었습니다.
健康,運動,栄養	健康のために、運動と栄養の両方に気を配っています。	けんこうのために、うんどうとえいようのりょうほうにきをくばっています。	건강을 위해 운동과 영양 모두에 신경 쓰고 있습니다.
睡眠,疲労	睡眠が足りず、疲労を感じています。	すいみんがたりず、ひろうをかんじています。	수면이 부족해서 피로를 느끼고 있습니다.
希望,不安	新しい生活への希望もありますが、不安もあります。	あたらしいせいかつへのきぼうもありますが、ふあんもあります。	새로운 생활에 대한 희망도 있지만 불안도 있습니다.
満足,結果	今回の結果には満足しています。	こんかいのけっかにはまんぞくしています。	이번 결과에는 만족하고 있습니다.
感動,印象	あの映画に感動し、強い印象を受けました。	あのえいがにかんどうし、つよいいんしょうをうけました。	그 영화에 감동했고 강한 인상을 받았습니다.
伝える,認める	間違いを認め、そのことを相手に伝えました。	まちがいをみとめ、そのことをあいてにつたえました。	잘못을 인정하고 그 사실을 상대에게 전했습니다.
求める,支える	困っている人が助けを求めたら、できる範囲で支えたいです。	こまっているひとがたすけをもとめたら、できるはんいでささえたいです。	곤란한 사람이 도움을 구하면 가능한 범위에서 돕고 싶습니다.
決定,計画,変更	計画の変更は、会議で決定しました。	けいかくのへんこうは、かいぎでけっていしました。	계획 변경은 회의에서 결정했습니다.
実現,解決	夢の実現には、目の前の問題を一つずつ解決することも必要です。	ゆめのじつげんには、めのまえのもんだいをひとつずつかいけつすることもひつようです。	꿈을 실현하려면 당면한 문제를 하나씩 해결하는 것도 필요합니다.
必要性,可能性	新しい方法の必要性と、実行できる可能性を考えました。	あたらしいほうほうのひつようせいと、じっこうできるかのうせいをかんがえました。	새로운 방법의 필요성과 실행할 수 있는 가능성을 생각했습니다.
共通,具体的	共通の目標に向けて、具体的な計画を立てました。	きょうつうのもくひょうにむけて、ぐたいてきなけいかくをたてました。	공통의 목표를 향해 구체적인 계획을 세웠습니다.
積極的,参加	授業では、積極的に話し合いに参加しています。	じゅぎょうでは、せっきょくてきにはなしあいにさんかしています。	수업에서는 토론에 적극적으로 참여하고 있습니다.
判断,検討	すぐに判断せず、資料を読んでから検討します。	すぐにはんだんせず、しりょうをよんでからけんとうします。	바로 판단하지 않고 자료를 읽은 뒤 검토합니다.
提案,資料	提案の内容を、資料にまとめました。	ていあんのないようを、しりょうにまとめました。	제안 내용을 자료로 정리했습니다.
制度,課題	新しい制度には、まだ解決すべき課題があります。	あたらしいせいどには、まだかいけつすべきかだいがあります。	새로운 제도에는 아직 해결해야 할 과제가 있습니다.
方針,対策	会社の方針に沿って、具体的な対策を決めました。	かいしゃのほうしんにそって、ぐたいてきなたいさくをきめました。	회사의 방침에 따라 구체적인 대책을 정했습니다.
基準,評価	評価の基準を、事前に説明してください。	ひょうかのきじゅんを、じぜんにせつめいしてください。	평가 기준을 사전에 설명해 주세요.
分析,調査,統計	調査で集めたデータを、統計の方法で分析します。	ちょうさであつめたでーたを、とうけいのほうほうでぶんせきします。	조사에서 모은 데이터를 통계적인 방법으로 분석합니다.
比較,予測	過去の結果との比較から、今後の変化を予測しました。	かこのけっかとのひかくから、こんごのへんかをよそくしました。	과거 결과와의 비교를 통해 앞으로의 변화를 예측했습니다.
証明,仮定	その仮定が正しいことを証明する必要があります。	そのかていがただしいことをしょうめいするひつようがあります。	그 가정이 옳다는 것을 증명할 필요가 있습니다.
結論,根本,本質	結論を急ぐ前に、問題の根本と本質を考えましょう。	けつろんをいそぐまえに、もんだいのこんぽんとほんしつをかんがえましょう。	결론을 서두르기 전에 문제의 근원과 본질을 생각합시다.
企業,経営,利益	企業の経営には、利益だけでなく社会への責任も関わります。	きぎょうのけいえいには、りえきだけでなくしゃかいへのせきにんもかかわります。	기업 경영에는 이익뿐 아니라 사회에 대한 책임도 관련됩니다.
需要,供給	需要が増えたため、供給を増やす計画です。	じゅようがふえたため、きょうきゅうをふやすけいかくです。	수요가 늘었기 때문에 공급을 늘릴 계획입니다.
契約,取引,交渉	取引の条件を交渉した後、契約を結びました。	とりひきのじょうけんをこうしょうしたあと、けいやくをむすびました。	거래 조건을 협상한 뒤 계약을 맺었습니다.
費用,負担	修理にかかる費用は、会社が負担します。	しゅうりにかかるひようは、かいしゃがふたんします。	수리에 드는 비용은 회사가 부담합니다.
設備,施設,管理	この施設の設備は、専門の担当者が管理しています。	このしせつのせつびは、せんもんのたんとうしゃがかんりしています。	이 시설의 설비는 전문 담당자가 관리하고 있습니다.
維持,改善	品質を維持しながら、作業の方法を改善しました。	ひんしつをいじしながら、さぎょうのほうほうをかいぜんしました。	품질을 유지하면서 작업 방법을 개선했습니다.
効率,効果	この方法には効果がありますが、効率はまだ改善できそうです。	このほうほうにはこうかがありますが、こうりつはまだかいぜんできそうです。	이 방법은 효과가 있지만 효율은 아직 개선할 수 있을 것 같습니다.
機能,構造,特徴	製品の機能と構造を調べ、その特徴をまとめました。	せいひんのきのうとこうぞうをしらべ、そのとくちょうをまとめました。	제품의 기능과 구조를 조사해 특징을 정리했습니다.
傾向,現象,変動	この現象には、季節によって変動する傾向があります。	このげんしょうには、きせつによってへんどうするけいこうがあります。	이 현상에는 계절에 따라 변동하는 경향이 있습니다.
増加,減少	利用者は増加しましたが、待ち時間は減少しました。	りようしゃはぞうかしましたが、まちじかんはげんしょうしました。	이용자는 증가했지만 대기 시간은 감소했습니다.
強調,主張	彼は自分の主張の重要な点を強調しました。	かれはじぶんのしゅちょうのじゅうようなてんをきょうちょうしました。	그는 자기 주장의 중요한 점을 강조했습니다.
批判,尊重	相手を尊重しながら、その意見を批判することはできます。	あいてをそんちょうしながら、そのいけんをひはんすることはできます。	상대를 존중하면서 그 의견을 비판할 수는 있습니다.
賛成,反対	賛成する理由と反対する理由を、それぞれ聞きました。	さんせいするりゆうとはんたいするりゆうを、それぞれききました。	찬성하는 이유와 반대하는 이유를 각각 들었습니다.
信頼,慎重	信頼できる情報かどうか、慎重に確認します。	しんらいできるじょうほうかどうか、しんちょうにかくにんします。	신뢰할 수 있는 정보인지 신중하게 확인합니다.
適切,重大	重大な問題が起きたときこそ、適切な対応が必要です。	じゅうだいなもんだいがおきたときこそ、てきせつなたいおうがひつようです。	중대한 문제가 생겼을 때야말로 적절한 대응이 필요합니다.
優れる,劣る	この製品は軽さでは優れていますが、丈夫さでは劣ります。	このせいひんはかるさではすぐれていますが、じょうぶさではおとります。	이 제품은 가벼운 점에서는 뛰어나지만 튼튼한 점에서는 뒤떨어집니다.
補う,備える,努める	不足を補い、次の課題に備えるよう努めています。	ふそくをおぎない、つぎのかだいにそなえるようつとめています。	부족한 점을 보완하고 다음 과제에 대비하도록 노력하고 있습니다.
概念,根拠	まず概念を整理し、主張の根拠を示してください。	まずがいねんをせいりし、しゅちょうのこんきょをしめしてください。	먼저 개념을 정리하고 주장의 근거를 제시해 주세요.
矛盾,指摘	二つの説明の間に矛盾があると指摘されました。	ふたつのせつめいのあいだにむじゅんがあるとしてきされました。	두 설명 사이에 모순이 있다는 지적을 받았습니다.
配慮,妥協	互いの事情に配慮し、妥協できる点を探しました。	たがいのじじょうにはいりょし、だきょうできるてんをさがしました。	서로의 사정을 배려하고 타협할 수 있는 점을 찾았습니다.
把握,認識	現状を把握した上で、問題の深刻さを認識しました。	げんじょうをはあくしたうえで、もんだいのしんこくさをにんしきしました。	현황을 파악한 뒤 문제의 심각성을 인식했습니다.
洞察,推測	彼の洞察は鋭いですが、事実と推測は区別する必要があります。	かれのどうさつはするどいですが、じじつとすいそくはくべつするひつようがあります。	그의 통찰은 날카롭지만 사실과 추측은 구별할 필요가 있습니다.
推進,展開	新しい事業の展開を推進しています。	あたらしいじぎょうのてんかいをすいしんしています。	새로운 사업의 전개를 추진하고 있습니다.
過程,経緯,背景	決定に至る過程を理解するため、経緯と背景を調べました。	けっていにいたるかていをりかいするため、けいいとはいけいをしらべました。	결정에 이르는 과정을 이해하기 위해 경위와 배경을 조사했습니다.
実態,実践	現場の実態を踏まえて、学んだ方法を実践します。	げんばのじったいをふまえて、まなんだほうほうをじっせんします。	현장의 실태를 바탕으로 배운 방법을 실천합니다.
遂行,達成	任務を遂行し、目標を達成しました。	にんむをすいこうし、もくひょうをたっせいしました。	임무를 수행하고 목표를 달성했습니다.
促進,抑制	交流を促進しつつ、無駄な支出は抑制する方針です。	こうりゅうをそくしんしつつ、むだなしししゅつはよくせいするほうしんです。	교류를 촉진하되 불필요한 지출은 억제하는 방침입니다.
是正,緩和	格差を是正し、生活への負担を緩和する案が出ました。	かくさをぜせいし、せいかつへのふたんをかんわするあんがでました。	격차를 시정하고 생활의 부담을 완화하는 안이 나왔습니다.
排除,妨害	話し合いを妨害する要因を排除する必要があります。	はなしあいをぼうがいするよういんをはいじょするひつようがあります。	논의를 방해하는 요인을 제거할 필요가 있습니다.
撤回,発言	誤解を招いた発言を撤回しました。	ごかいをまねいたはつげんをてっかいしました。	오해를 부른 발언을 철회했습니다.
貢献,献身,奉仕	彼女は地域への奉仕に献身し、福祉の向上に貢献しました。	かのじょはちいきへのほうしにけんしんし、ふくしのこうじょうにこうけんしました。	그녀는 지역 봉사에 헌신하고 복지 향상에 기여했습니다.
依存,執着	一つの方法に依存せず、結果への執着も手放してみましょう。	ひとつのほうほうにいぞんせず、けっかへのしゅうちゃくもてばなしてみましょう。	하나의 방법에 의존하지 말고 결과에 대한 집착도 내려놓아 봅시다.
柔軟,厳密	発想は柔軟に、検証は厳密に行います。	はっそうはじゅうなんに、けんしょうはげんみつにおこないます。	발상은 유연하게, 검증은 엄밀하게 합니다.
精密,緻密	精密な測定には、緻密な準備が欠かせません。	せいみつなそくていには、ちみつなじゅんびがかかせません。	정밀한 측정에는 치밀한 준비가 꼭 필요합니다.
巧妙,仕組み	この仕組みは巧妙に設計されています。	このしくみはこうみょうにせっけいされています。	이 구조는 교묘하게 설계되어 있습니다.
顕著,著しい	改善の効果が顕著に現れ、著しい進歩が見られました。	かいぜんのこうかがけんちょにあらわれ、いちじるしいしんぽがみられました。	개선 효과가 뚜렷하게 나타나 현저한 진보가 보였습니다.
著名,研究者	著名な研究者の講演を聞きました。	ちょめいなけんきゅうしゃのこうえんをききました。	저명한 연구자의 강연을 들었습니다.
膨大,莫大	膨大な資料を整理するには、莫大な時間がかかりました。	ぼうだいなしりょうをせいりするには、ばくだいなじかんがかかりました。	방대한 자료를 정리하는 데는 막대한 시간이 걸렸습니다.
疎か,基本	忙しくても、基本の確認を疎かにしてはいけません。	いそがしくても、きほんのかくにんをおろそかにしてはいけません。	바쁘더라도 기본적인 확인을 소홀히 해서는 안 됩니다.
曖昧,漠然	説明が曖昧だったため、漠然とした不安が残りました。	せつめいがあいまいだったため、ばくぜんとしたふあんがのこりました。	설명이 모호해서 막연한 불안이 남았습니다.
的確,妥当	状況を的確に捉え、妥当な結論を出しました。	じょうきょうをてきかくにとらえ、だとうなけつろんをだしました。	상황을 정확하게 파악하고 타당한 결론을 내렸습니다.
均衡,秩序	社会の秩序を保つには、権利と責任の均衡も大切です。	しゃかいのちつじょをたもつには、けんりとせきにんのきんこうもたいせつです。	사회 질서를 유지하려면 권리와 책임의 균형도 중요합니다.
規範,倫理,尊厳	倫理的な規範は、人の尊厳を守るためにも必要です。	りんりてきなきはんは、ひとのそんげんをまもるためにもひつようです。	윤리적 규범은 사람의 존엄을 지키기 위해서도 필요합니다.
享受,繁栄	地域の繁栄による恩恵を、多くの人が享受しています。	ちいきのはんえいによるおんけいを、おおくのひとがきょうじゅしています。	지역 번영에 따른 혜택을 많은 사람이 누리고 있습니다.
継承,蓄積	蓄積された知識を、次の世代へ継承します。	ちくせきされたちしきを、つぎのせだいへけいしょうします。	축적된 지식을 다음 세대로 계승합니다.
衰退,産業	産業の衰退を防ぐため、新しい技術を取り入れました。	さんぎょうのすいたいをふせぐため、あたらしいぎじゅつをとりいれました。	산업의 쇠퇴를 막기 위해 새로운 기술을 도입했습니다.
覆す,予想	彼の成功は、周囲の予想を覆しました。	かれのせいこうは、しゅういのよそうをくつがえしました。	그의 성공은 주변의 예상을 뒤집었습니다.
損なう,信頼	事実を隠すと、信頼を損なうおそれがあります。	じじつをかくすと、しんらいをそこなうおそれがあります。	사실을 숨기면 신뢰를 해칠 우려가 있습니다.
賄う,費用	必要な費用は、自分の貯金で賄いました。	ひつようなひようは、じぶんのちょきんでまかないました。	필요한 비용은 자신의 저축으로 충당했습니다.
培う,経験	現場で培った経験が、今の仕事に生きています。	げんばでつちかったけいけんが、いまのしごとにいきています。	현장에서 쌓은 경험이 지금의 일에 도움이 되고 있습니다.
阻む,成長	失敗を恐れる気持ちが、成長を阻むこともあります。	しっぱいをおそれるきもちが、せいちょうをはばむこともあります。	실패를 두려워하는 마음이 성장을 가로막을 때도 있습니다.
