N1-anp8hz	大学でインターナショナルな交流会を開きます。	だいがくでいんたーなしょなるなこうりゅうかいをひらきます。	대학에서 국제 교류 모임을 엽니다.
N1-ooslzz	玄関のインターフォンが鳴りました。	げんかんのいんたーふぉんがなりました。	현관의 인터폰이 울렸습니다.
N1-b71pij,N1-1dxwhnf	ウェートレスがティッシュペーパーを持ってきました。	うぇーとれすがてぃっしゅぺーぱーをもってきました。	여성 종업원이 티슈를 가져왔습니다.
N1-16sz4sr	この車はオートマチックなので、運転しやすいです。	このくるまはおーとまちっくなので、うんてんしやすいです。	이 차는 자동 변속 차량이라 운전하기 편합니다.
N1-16dyw3r	赤ちゃんのお襁褓を替えました。	あかちゃんのおむつをかえました。	아기의 기저귀를 갈아 주었습니다.
N1-7njw4z	けがを治した選手が、試合にカムバックしました。	けがをなおしたせんしゅが、しあいにかむばっくしました。	부상에서 회복한 선수가 경기에 복귀했습니다.
N1-h5zzsd	使った道具は、きちっと片づけてください。	つかったどうぐは、きちっとかたづけてください。	사용한 도구는 깔끔하게 정리해 주세요.
N1-142ubp7	友達に「サンキュー」と言って手を振りました。	ともだちに「さんきゅー」といっててをふりました。	친구에게 “고마워”라고 말하며 손을 흔들었습니다.
N1-1uk94oz	ペンの中のスプリングが外れました。	ぺんのなかのすぷりんぐがはずれました。	펜 안의 스프링이 빠졌습니다.
N1-1lw4h8j	新しい本が、棚にずらっと並んでいます。	あたらしいほんが、たなにずらっとならんでいます。	새 책들이 책장에 죽 늘어서 있습니다.
N1-1ky4z4z	ケーキのデコレーションを子供に任せました。	けーきのでこれーしょんをこどもにまかせました。	케이크 장식을 아이에게 맡겼습니다.
N1-gzf5x7	落ち着いたトーンで説明してください。	おちついたとーんでせつめいしてください。	차분한 어조로 설명해 주세요.
N1-1thto8r,N1-1do5cr	この短波ラジオには、トランジスターが使われています。	このたんぱらじおには、とらんじすたーがつかわれています。	이 단파 라디오에는 트랜지스터가 사용됩니다.
N1-laec6j	財布を忘れるなんて、とんだ失敗でした。	さいふをわすれるなんて、とんだしっぱいでした。	지갑을 잊다니, 정말 뜻밖의 실수였습니다.
N1-rs7319	昔の本では、ウイルスをビールスと表記することがあります。	むかしのほんでは、ういるすをびーるすとひょうきすることがあります。	옛 책에서는 바이러스를 ‘비루스’라고 표기하기도 합니다.
N1-1xxzhep	このスープには、野菜がふんだんに使われています。	このすーぷには、やさいがふんだんにつかわれています。	이 수프에는 채소가 듬뿍 들어 있습니다.
N1-1tj535n	庭の花が、ぼつぼつ咲き始めました。	にわのはなが、ぼつぼつさきはじめました。	마당의 꽃이 하나둘 피기 시작했습니다.
N1-shsl8b	父は、最近の物価が高いとぼやいています。	ちちは、さいきんのぶっかがたかいとぼやいています。	아버지는 요즘 물가가 비싸다고 푸념하고 있습니다.
N1-qq5d7z	名簿には「ミセス・スミス」と書いてあります。	めいぼには「みせす・すみす」とかいてあります。	명부에는 ‘스미스 부인’이라고 적혀 있습니다.
N1-e4qaqn	海からの風をもろに受けました。	うみからのかぜをもろにうけました。	바다에서 불어오는 바람을 정통으로 맞았습니다.
N1-19rx263	この雑誌は、ヤング向けの情報を紹介しています。	このざっしは、やんぐむけのじょうほうをしょうかいしています。	이 잡지는 젊은 층을 위한 정보를 소개합니다.
N1-nsfrad	この植物がどの亜科に属するか調べました。	このしょくぶつがどのあかにぞくするかしらべました。	이 식물이 어느 아과에 속하는지 조사했습니다.
N1-1bg3m38	古い暦には、悪日とされる日も記されています。	ふるいこよみには、あくびとされるひもしるされています。	옛 달력에는 불길하다고 여겨지는 날도 적혀 있습니다.
N1-1o0flba	川岸には、背の高い葦が生えています。	かわぎしには、せのたかいよしがはえています。	강가에는 키가 큰 갈대가 자랍니다.
N1-193eq0k	伊井さんから、会議の案内が届きました。	いいさんから、かいぎのあんないがとどきました。	이이 씨에게 회의 안내가 왔습니다.
N1-12fqyyw	「依存」は、ほかのものに頼ることを表します。	「いぞん」は、ほかのものにたよることをあらわします。	‘의존’은 다른 것에 기대는 것을 뜻합니다.
N1-1y718mw	結果は条件に依って変わります。	けっかはじょうけんによってかわります。	결과는 조건에 따라 달라집니다.
N1-19xwx7f	新しい機械の威力に驚きました。	あたらしいきかいのいりょくにおどろきました。	새 기계의 위력에 놀랐습니다.
N1-10h33k7	この村には、昔からの為来りが残っています。	このむらには、むかしからのしきたりがのこっています。	이 마을에는 옛 관습이 남아 있습니다.
N1-kbjb8e	冷蔵庫に入れ忘れた野菜が萎びてしまいました。	れいぞうこにいれわすれたやさいがしなびてしまいました。	냉장고에 넣는 것을 잊은 채소가 시들어 버렸습니다.
N1-nwmg3b	その企業は、域外にも市場を広げています。	そのきぎょうは、いきがいにもしじょうをひろげています。	그 기업은 지역 밖으로도 시장을 넓히고 있습니다.
N1-1mefnap	新しい制度で、手続きが一挙に簡単になりました。	あたらしいせいどで、てつづきがいっきょにかんたんになりました。	새 제도로 절차가 단번에 간단해졌습니다.
N1-33vq2o	友人とは、一別して十年になります。	ゆうじんとは、いちべつしてじゅうねんになります。	친구와 헤어진 지 십 년이 되었습니다.
N1-cr15gm	話を聞いた人たちは、一様に驚いていました。	はなしをきいたひとたちは、いちようにおどろいていました。	이야기를 들은 사람들은 모두 똑같이 놀라고 있었습니다.
N1-yh9e2h	送料は全国一律です。	そうりょうはぜんこくいちりつです。	배송료는 전국 어디나 동일합니다.
N1-e6y2a4,N1-y2on5r	書類に確認の印を付け、最後に判を押します。	しょるいにかくにんのいんをつけ、さいごにはんをおします。	서류에 확인 표시를 하고 마지막에 도장을 찍습니다.
N1-f7k9b7	祖父は隠居してから、庭仕事を楽しんでいます。	そふはいんきょしてから、にわしごとをたのしんでいます。	할아버지는 은퇴한 뒤 정원 가꾸기를 즐기고 있습니다.
N1-zdio7s	「卯」の音読みは「ぼう」です。	「ぼう」のおんよみは「ぼう」です。	‘卯’의 음독은 ‘보’입니다.
N1-1qmjv1v	流れの速い川に、渦ができています。	ながれのはやいかわに、うずができています。	유속이 빠른 강에 소용돌이가 생겨 있습니다.
N1-ry83j	費用の問題を云々する前に、目的を確認しましょう。	ひようのもんだいをうんぬんするまえに、もくてきをかくにんしましょう。	비용 문제를 이러쿵저러쿵 말하기 전에 목적을 확인합시다.
N1-uhe1hk	人の失敗を笑うなんて、厭やらしい態度です。	ひとのしっぱいをわらうなんて、いやらしいたいどです。	남의 실패를 비웃다니, 불쾌한 태도입니다.
N1-7tlrut	一人の努力が、延いては町全体の発展につながります。	ひとりのどりょくが、ひいてはまちぜんたいのはってんにつながります。	한 사람의 노력이 나아가 마을 전체의 발전으로 이어집니다.
N1-273j50	祖母と縁側に座って、お茶を飲みました。	そぼとえんがわにすわって、おちゃをのみました。	할머니와 툇마루에 앉아 차를 마셨습니다.
N1-1cxkeyq	その踊りには、独特の艶があります。	そのおどりには、どくとくのえんがあります。	그 춤에는 독특한 요염한 아름다움이 있습니다.
N1-1d34msd	招待状の「於・市民会館」は、会場を示しています。	しょうたいじょうの「お・しみんかいかん」は、かいじょうをしめしています。	초대장의 ‘장소: 시민회관’이라는 표기는 행사장을 나타냅니다.
N1-1bzr0cq,N1-1nfjg3l	横綱が土俵に上がると、歓声が起こりました。	よこづながどひょうにあがると、かんせいがおこりました。	요코즈나가 스모 경기장에 오르자 환성이 터졌습니다.
N1-1h2tcb8	塗装する前に、壁の下地を整えます。	とそうするまえに、かべのしたじをととのえます。	도색하기 전에 벽의 바탕을 정리합니다.
N1-1565870	警備員は、下番の前に引き継ぎをしました。	けいびいんは、かばんのまえにひきつぎをしました。	경비원은 근무를 마치기 전에 인수인계를 했습니다.
N1-vbb8t0	歴史の本に、下吏の仕事が説明されていました。	れきしのほんに、かりのしごとがせつめいされていました。	역사책에 하급 관리의 일이 설명되어 있었습니다.
N1-1ig9x7m	この上着は、化繊でできています。	このうわぎは、かせんでできています。	이 겉옷은 합성 섬유로 만들어졌습니다.
N1-12neqwk	仮契約の内容を確認してから、正式に契約します。	かけいやくのないようをかくにんしてから、せいしきにけいやくします。	가계약 내용을 확인한 뒤 정식으로 계약합니다.
N1-owuhwh	どれどれ、どんな知らせが届いたのですか。	どれどれ、どんなしらせがとどいたのですか。	어디 보자, 어떤 소식이 왔나요?
N1-1dagdv6	利用者の意見を加味して、計画を修正しました。	りようしゃのいけんをかみして、けいかくをしゅうせいしました。	이용자의 의견을 반영해 계획을 수정했습니다.
N1-k5czck	忙しくて、休む暇もありません。	いそがしくて、やすむいとまもありません。	바빠서 쉴 틈도 없습니다.
N1-13f4hfn	伝えたい内容を箇条書きにしました。	つたえたいないようをかじょうがきにしました。	전하고 싶은 내용을 항목별로 적었습니다.
N1-1sij27q	その選手は、華々しいデビューを飾りました。	そのせんしゅは、はなばなしいでびゅーをかざりました。	그 선수는 화려하게 데뷔했습니다.
N1-fb669o	課外活動で、地域の歴史を調べています。	かがいかつどうで、ちいきのれきしをしらべています。	과외 활동으로 지역의 역사를 조사하고 있습니다.
N1-v8s81r	この村は、過疎の問題に取り組んでいます。	このむらは、かそのもんだいにとりくんでいます。	이 마을은 인구 과소화 문제에 대처하고 있습니다.
N1-18dqupi	便利だった制度が、改悪されたと批判されています。	べんりだったせいどが、かいあくされたとひはんされています。	편리했던 제도가 오히려 나빠졌다는 비판을 받고 있습니다.
N1-p994v	来月から、運賃が改定されます。	らいげつから、うんちんがかいていされます。	다음 달부터 운임이 개정됩니다.
