N5-n4t917	会議の前に、この資料を三枚コピーしてください。	かいぎのまえに、このしりょうをさんまいこぴーしてください。	회의 전에 이 자료를 세 장 복사해 주세요.	복사하다
N5-lf0dax	祖父の部屋には、古いラジカセがあります。	そふのへやには、ふるいらじかせがあります。	할아버지 방에는 오래된 라디오 카세트가 있습니다.	라디오 카세트
N5-dk8o4d	知らない言葉を字引で調べました。	しらないことばをじびきでしらべました。	모르는 단어를 사전에서 찾아봤습니다.	사전
N4-46a8jl	朝、近所の人にあいさつしました。	あさ、きんじょのひとにあいさつしました。	아침에 이웃에게 인사했습니다.	인사하다
N4-y0q2t9	先生は何時にこちらへおいでになりますか。	せんせいはなんじにこちらへおいでになりますか。	선생님은 몇 시에 이쪽으로 오시나요?	오시다, 가시다, 계시다
N4-7a1eb9	そんな薄着のかっこうでは、寒いでしょう。	そんなうすぎのかっこうでは、さむいでしょう。	그렇게 얇게 입은 차림으로는 춥겠지요.	모습, 차림새, 모양
N4-1fprw1t	階段で転んで、足にけがをしました。	かいだんでころんで、あしにけがをしました。	계단에서 넘어져 다리를 다쳤습니다.	다치다
N4-1us74tz	弟とけんかしましたが、もう仲直りしました。	おとうととけんかしましたが、もうなかなおりしました。	남동생과 싸웠지만 벌써 화해했습니다.	싸우다
N4-3pu71n	先生はもうこの写真をごらんになりましたか。	せんせいはもうこのしゃしんをごらんになりましたか。	선생님은 벌써 이 사진을 보셨나요?	보시다
N4-x4zzyp	さ来月、新しい店が駅前にできます。	さらいげつ、あたらしいみせがえきまえにできます。	다다음 달에 역 앞에 새 가게가 생깁니다.	다다음 달
N4-1h07pcr	子供をしかる前に、話を聞いてください。	こどもをしかるまえに、はなしをきいてください。	아이를 꾸짖기 전에 이야기를 들어 주세요.	꾸짖다, 야단치다
N4-1bm4223	駅の近くに二階建ての家を借りました。	えきのちかくににかいだてのいえをかりました。	역 근처에 이 층집을 빌렸습니다.	이 층 건물
N3-e3oaq3	天気予報によると、明日は雪が降るそうです。	てんきよほうによると、あしたはゆきがふるそうです。	일기 예보에 따르면 내일은 눈이 온다고 합니다.	~에 따르면
N3-zlv65s	この店では、お茶を上・中・下に分けて売っています。	このみせでは、おちゃをじょう・ちゅう・げにわけてうっています。	이 가게에서는 차를 상·중·하로 나누어 팝니다.	하위, 낮은 등급
N3-1l5i6zv	箱のすみに、小さな穴がありました。	はこのすみに、ちいさなあながありました。	상자의 구석에 작은 구멍이 있었습니다.	구석, 모퉁이
N3-v6t6nr	細い管を通して、水を移します。	ほそいくだをとおして、みずをうつします。	가는 관을 통해 물을 옮깁니다.	관, 튜브
N3-1wlg59u	地球儀を見ながら、球の形を確かめました。	ちきゅうぎをみながら、きゅうのかたちをたしかめました。	지구본을 보면서 구의 모양을 확인했습니다.	구, 공 모양
N3-fcwsj8	漢字の音と訓を、色を変えて書きました。	かんじのおんとくんを、いろをかえてかきました。	한자의 음독과 훈독을 색을 달리해 적었습니다.	훈독
N3-1a4czr7,N1-r5jifs	その丁寧な説明は、相手への配慮の現れです。	そのていねいなせつめいは、あいてへのはいりょのあらわれです。	그 정중한 설명은 상대에 대한 배려의 표현입니다.	표현, 나타남
N3-1w2iyfp	私の後に並んでいる人は、友達です。	わたしのうしろにならんでいるひとは、ともだちです。	제 뒤에 줄 서 있는 사람은 친구입니다.	뒤, 후방
N3-hu1sjo,N2-8g2kbo	城の堀に、白い鳥が浮かんでいます。	しろのほりに、しろいとりがうかんでいます。	성의 해자에 흰 새가 떠 있습니다.	해자, 성 주변의 도랑
N3-73nelc	上着を脱いで、いすにかけました。	うわぎをぬいで、いすにかけました。	겉옷을 벗어 의자에 걸었습니다.	위쪽, 겉쪽
N3-rszbqd	正と負の数を、数直線に書き入れます。	せいとふのかずを、すうちょくせんにかきいれます。	양수와 음수를 수직선에 적어 넣습니다.	양수, 바름
N3-ms9z9e	春になると、田に水が入ります。	はるになると、たにみずがはいります。	봄이 되면 논에 물이 찹니다.	논
N3-1pi6nsa	弟は去年より背が伸びました。	おとうとはきょねんよりせいがのびました。	남동생은 작년보다 키가 컸습니다.	키
N3-ahofff	不注意による間違いを減らしたいです。	ふちゅういによるまちがいをへらしたいです。	부주의로 인한 실수를 줄이고 싶습니다.	불~, 부~(부정 접두사)
N3-1mbhelr	このかさは柄が短くて、持ちやすいです。	このかさはえがみじかくて、もちやすいです。	이 우산은 손잡이가 짧아서 잡기 편합니다.	손잡이, 자루
N3-11k35pu	無事に帰宅したと聞いて、安心しました。	ぶじにきたくしたときいて、あんしんしました。	무사히 귀가했다는 말을 듣고 안심했습니다.	무~(없음을 나타내는 접두사)
N3-yfsh21	来週から、新しい時間割になります。	らいしゅうから、あたらしいじかんわりになります。	다음 주부터 새 시간표가 됩니다.	다음~, 오는~
N2-191clhz,N1-1tlgs95	発表では、まず物語のあらすじを紹介します。	はっぴょうでは、まずものがたりのあらすじをしょうかいします。	발표에서는 먼저 이야기의 줄거리를 소개합니다.	줄거리, 개요
N2-cngce9,N1-ixut0b	いきなり名前を呼ばれて、驚きました。	いきなりなまえをよばれて、おどろきました。	갑자기 이름이 불려서 놀랐습니다.	갑자기, 느닷없이
N2-1ex8pkr	ペンのインキが切れたので、補充しました。	ぺんのいんきがきれたので、ほじゅうしました。	펜의 잉크가 떨어져서 보충했습니다.	잉크
N2-j5199n	「おじゃまします」と言って、友達の家に入りました。	「おじゃまします」といって、ともだちのいえにはいりました。	“실례하겠습니다”라고 말하고 친구 집에 들어갔습니다.	실례하겠습니다
N2-34y5mn	おまちどおさま。注文のお茶をお持ちしました。	おまちどおさま。ちゅうもんのおちゃをおもちしました。	오래 기다리셨습니다. 주문하신 차를 가져왔습니다.	오래 기다리셨습니다
N2-1wcm4vb,N1-jrfn4v	合格の知らせが届いて、本当におめでたいですね。	ごうかくのしらせがとどいて、ほんとうにおめでたいですね。	합격 소식이 왔다니 정말 경사스럽네요.	경사스럽다, 축하할 만하다
N2-18m6nal	くしゃみをこらえながら、静かに座っていました。	くしゃみをこらえながら、しずかにすわっていました。	재채기를 참으면서 조용히 앉아 있었습니다.	참다, 견디다
N2-ibwhep	大学では、写真のサークルに入っています。	だいがくでは、しゃしんのさーくるにはいっています。	대학에서는 사진 동아리에 들어가 있습니다.	동아리, 모임
N2-db0k8n,N1-l9oax6	さきおととい借りた本を、今日返しました。	さきおとといかりたほんを、きょうかえしました。	그끄저께 빌린 책을 오늘 반납했습니다.	그끄저께, 사흘 전
N2-1pu2cir,N1-1pu2cir	夜の教室は、しいんと静まり返っていました。	よるのきょうしつは、しいんとしずまりかえっていました。	밤의 교실은 쥐 죽은 듯 고요했습니다.	쥐 죽은 듯이, 조용히
N2-1qgoyp	ゼミで、自分の研究について発表します。	ぜみで、じぶんのけんきゅうについてはっぴょうします。	세미나에서 자신의 연구에 대해 발표합니다.	세미나, 연구 모임
N2-tjyv7p,N1-5wcqpd	料金には、食事とそのほかのサービスも含まれます。	りょうきんには、しょくじとそのほかのさーびすもふくまれます。	요금에는 식사와 그 밖의 서비스도 포함됩니다.	그 밖, 그 외
N2-1bhn6rn	車を出す前に、タイヤの空気圧を調べます。	くるまをだすまえに、たいやのくうきあつをしらべます。	차를 출발시키기 전에 타이어의 공기압을 확인합니다.	타이어
N2-as0i0x	列車の運行を、ダイヤグラムで確認します。	れっしゃのうんこうを、だいやぐらむでかくにんします。	열차 운행을 운행 도표로 확인합니다.	도표, 열차 운행 도표
N2-15q9lv	パンを小さくちぎって、スープに入れました。	ぱんをちいさくちぎって、すーぷにいれました。	빵을 작게 찢어서 수프에 넣었습니다.	찢다, 뜯다
N2-2vv56t	駅前に、新しいビルディングが建ちました。	えきまえに、あたらしいびるでぃんぐがたちました。	역 앞에 새 빌딩이 들어섰습니다.	빌딩, 건물
N2-lyj6m3,N1-fgwef5	かばんに、小さな鍵をぶら下げています。	かばんに、ちいさなかぎをぶらさげています。	가방에 작은 열쇠를 매달아 놓았습니다.	매달다, 늘어뜨리다
N2-1d3ek57	乗り場が分からず、駅でまごまごしてしまいました。	のりばがわからず、えきでまごまごしてしまいました。	타는 곳을 몰라서 역에서 우왕좌왕했습니다.	우왕좌왕함, 당황함
N2-1674i6v	空港からモノレールで市内へ向かいます。	くうこうからものれーるでしないへむかいます。	공항에서 모노레일을 타고 시내로 갑니다.	모노레일
N2-1wt1il5,N1-dateah	分からないボタンを、やたらに押さないでください。	わからないぼたんを、やたらにおさないでください。	모르는 버튼을 함부로 누르지 마세요.	함부로, 마구, 지나치게
N2-vfyu25	調査の結果を、リポートにまとめました。	ちょうさのけっかを、りぽーとにまとめました。	조사 결과를 보고서로 정리했습니다.	보고서, 리포트
N2-uxa3nt	研修の後に、レクリエーションの時間があります。	けんしゅうのあとに、れくりえーしょんのじかんがあります。	연수 후에 오락 활동 시간이 있습니다.	레크리에이션, 여가 활동
N2-h6ep3f,N1-1pnhyww	この道は、朝でもわりあいに空いています。	このみちは、あさでもわりあいにすいています。	이 길은 아침에도 비교적 한산합니다.	비교적
N2-epct5f	地図で、二つの町の緯度を比べました。	ちずで、ふたつのまちのいどをくらべました。	지도에서 두 도시의 위도를 비교했습니다.	위도
N2-8tsi8r	雨のため、工事の期間が一週間延びました。	あめのため、こうじのきかんがいっしゅうかんのびました。	비 때문에 공사 기간이 일주일 연장되었습니다.	연장되다, 늦춰지다
N2-1sb9zcb	店は、商品の交換の申し出に応じました。	みせは、しょうひんのこうかんのもうしでにおうじました。	가게는 상품 교환 요청에 응했습니다.	응하다, 대응하다
N2-v41eq9,N2-1f6c725	襖を開けると、広い座敷が見えました。	ふすまをあけると、ひろいざしきがみえました。	미닫이문을 열자 넓은 다다미방이 보였습니다.	
N2-1h4t631	用紙の「何々会社」の部分に、会社名を書きます。	ようしの「なになにがいしゃ」のぶぶんに、かいしゃめいをかきます。	양식의 ‘아무개 회사’ 부분에 회사 이름을 적습니다.	무엇 무엇, 이러저러
N2-sksdhe	車が速くなるときの加速度を測定しました。	くるまがはやくなるときのかそくどをそくていしました。	차가 빨라질 때의 가속도를 측정했습니다.	가속도
N2-hao8rb	見学者は、火山の火口から離れた場所に立ちました。	けんがくしゃは、かざんのかこうからはなれたばしょにたちました。	견학객들은 화산의 분화구에서 떨어진 곳에 섰습니다.	분화구
N2-iaig9j	最初の授業では、日本文学の概論を学びます。	さいしょのじゅぎょうでは、にほんぶんがくのがいろんをまなびます。	첫 수업에서는 일본 문학 개론을 배웁니다.	개론
N2-1bgunnr	寒帯に暮らす動物について調べました。	かんたいにくらすどうぶつについてしらべました。	한대 지역에 사는 동물에 대해 조사했습니다.	한대
N2-139v722	「静かだ」は、形容動詞の例です。	「しずかだ」は、けいようどうしのれいです。	‘시즈카다’는 형용동사의 예입니다.	형용동사
N2-ewz0gl	夏休みになると、図書館の利用者が激増します。	なつやすみになると、としょかんのりようしゃがげきぞうします。	여름방학이 되면 도서관 이용자가 급증합니다.	급증
N2-etp3kj	遅れることを、受付の人に言付けました。	おくれることを、うけつけのひとにことづけました。	늦는다는 말을 접수 담당자에게 전해 달라고 부탁했습니다.	전해 달라고 맡기다
N2-1qm2zqh	御手洗は、この廊下の突き当たりにあります。	おてあらいは、このろうかのつきあたりにあります。	화장실은 이 복도의 맨 끝에 있습니다.	화장실
N2-situ1y	会社宛ての封筒には、社名の後に「御中」と書きます。	かいしゃあてのふうとうには、しゃめいのあとに「おんちゅう」とかきます。	회사로 보내는 봉투에는 회사 이름 뒤에 ‘귀중’이라고 씁니다.	귀중(단체 수신인 경칭)
N2-1j3dx7s	川沿いに広がる耕地で、米を育てています。	かわぞいにひろがるこうちで、こめをそだてています。	강가에 펼쳐진 경작지에서 쌀을 기릅니다.	경작지
N2-17cuehp	必要な費用を引くと、差し引き千円が残ります。	ひつようなひようをひくと、さしひきせんえんがのこります。	필요한 비용을 빼면 차액으로 천 엔이 남습니다.	차감, 차액
N2-1mcg950	この山林では、木を植える活動が続いています。	このさんりんでは、きをうえるかつどうがつづいています。	이 산림에서는 나무 심기 활동이 이어지고 있습니다.	산림
N2-id1si8	舞台では、刀で竹を斬る場面がありました。	ぶたいでは、かたなでたけをきるばめんがありました。	무대에서는 칼로 대나무를 베는 장면이 있었습니다.	칼로 베다
N2-uc1703	この町には、二つの私鉄が通っています。	このまちには、ふたつのしてつがとおっています。	이 도시에는 두 사철 노선이 지나갑니다.	민영 철도, 사철
N2-1v816wo	久しぶりに会った友人と、酒を酌み交わしました。	ひさしぶりにあったゆうじんと、さけをくみかわしました。	오랜만에 만난 친구와 술잔을 주고받았습니다.	술을 따르다
N2-hlgy5v	ぬれた手を、手拭いでふきました。	ぬれたてを、てぬぐいでふきました。	젖은 손을 수건으로 닦았습니다.	수건
N2-1mxk1ta	今月から、集金ではなく振り込みになります。	こんげつから、しゅうきんではなくふりこみになります。	이번 달부터는 수금 대신 계좌 이체로 바뀝니다.	수금
N2-1qkh3jx	野菜を蒸してから、塩を少しかけます。	やさいをむしてから、しおをすこしかけます。	채소를 찐 뒤 소금을 조금 뿌립니다.	찌다, 후덥지근하다
N2-15l7bjn	人差し指で、画面の丸を押してください。	ひとさしゆびで、がめんのまるをおしてください。	검지로 화면의 동그라미를 눌러 주세요.	검지
N2-yrut5x	港には、水産関係の会社が集まっています。	みなとには、すいさんかんけいのかいしゃがあつまっています。	항구에는 수산 관련 회사들이 모여 있습니다.	수산
N2-iu86db	答えは、小数ではなく整数で書いてください。	こたえは、しょうすうではなくせいすうでかいてください。	답은 소수가 아니라 정수로 써 주세요.	정수
N2-1q4nw6o,N1-10qkoyj	先々月から、新しい仕事を始めました。	せんせんげつから、あたらしいしごとをはじめました。	지지난달부터 새 일을 시작했습니다.	지지난달
N2-180q36v	ごまを軽く煎ると、よい香りがします。	ごまをかるくいると、よいかおりがします。	깨를 살짝 볶으면 좋은 향이 납니다.	볶다
N2-1j4bpfh	彼は、うわさをはっきりと打ち消しました。	かれは、うわさをはっきりとうちけしました。	그는 소문을 분명하게 부인했습니다.	부인하다, 취소하다
N2-hubz7w	会場までの時間は、大凡一時間です。	かいじょうまでのじかんは、おおよそいちじかんです。	행사장까지 걸리는 시간은 대략 한 시간입니다.	대략, 대체로
N2-p23jik	家を建てる前に、地盤を調べました。	いえをたてるまえに、じばんをしらべました。	집을 짓기 전에 지반을 조사했습니다.	지반, 기반
N2-1qq528d	初めての試合なので、みんな張り切っています。	はじめてのしあいなので、みんなはりきっています。	첫 시합이라서 모두 의욕이 넘칩니다.	의욕에 차다
N2-1r7kmsd	長短の違う二本の棒を、机に並べました。	ちょうたんのちがうにほんのぼうを、つくえにならべました。	길이가 다른 두 막대를 책상에 나란히 놓았습니다.	길고 짧음, 장단점
N2-1ytv1h0	この装置は、直流の電源で動きます。	このそうちは、ちょくりゅうのでんげんでうごきます。	이 장치는 직류 전원으로 작동합니다.	직류
N2-nvteqv	旅行用に、小さな電気剃刀を持っていきます。	りょこうように、ちいさなでんきかみそりをもっていきます。	여행용으로 작은 전기면도기를 가져갑니다.	면도칼, 면도기
N2-6dt5th	角の店屋で、お弁当を買いました。	かどのみせやで、おべんとうをかいました。	모퉁이의 가게에서 도시락을 샀습니다.	가게
N2-1im2kbz	透き通るような水の中に、魚が見えます。	すきとおるようなみずのなかに、さかながみえます。	맑게 비치는 물속에 물고기가 보입니다.	투명하게 비치다
N2-1bgc0yi	二つの組織を、同格の立場で扱います。	ふたつのそしきを、どうかくのたちばであつかいます。	두 조직을 동등한 지위로 대합니다.	동격, 같은 지위
N2-1j04zv0	味が濃かったので、水で少し薄めました。	あじがこかったので、みずですこしうすめました。	맛이 진해서 물로 조금 묽게 했습니다.	묽게 하다, 희석하다
N2-gtbvnr	花の鉢を、日当たりのよい窓辺に置きました。	はなのはちを、ひあたりのよいまどべにおきました。	화분을 햇볕이 잘 드는 창가에 놓았습니다.	화분, 사발
N2-ohlzid	板が反り返って、平らに置けません。	いたがそりかえって、たいらにおけません。	판자가 뒤로 휘어서 평평하게 놓을 수 없습니다.	뒤로 휘다, 젖혀지다
N2-15vxbj	地図の符号を見て、病院の場所を探しました。	ちずのふごうをみて、びょういんのばしょをさがしました。	지도의 기호를 보고 병원의 위치를 찾았습니다.	부호, 기호
N2-17jby39	部首から漢字を探す方法を習いました。	ぶしゅからかんじをさがすほうほうをならいました。	부수로 한자를 찾는 방법을 배웠습니다.	부수
N2-y9hdyj	文芸誌に、短い小説を投稿しました。	ぶんげいしに、みじかいしょうせつをとうこうしました。	문예지에 짧은 소설을 투고했습니다.	문예
N2-jrlz3f	この地域では、牧畜が盛んです。	このちいきでは、ぼくちくがさかんです。	이 지역에서는 목축이 활발합니다.	목축
N2-1wlew0w	一日十分を目安に、練習を続けます。	いちにちじゅっぷんをめやすに、れんしゅうをつづけます。	하루 십 분을 기준으로 연습을 이어갑니다.	기준, 목표
N2-a1pozc	洋品店で、シャツと靴下を買いました。	ようひんてんで、しゃつとくつしたをかいました。	양품점에서 셔츠와 양말을 샀습니다.	양품점, 의류·잡화점
N2-yumjfv	小麦粉を水で溶いてから、鍋に加えます。	こむぎこをみずでといてから、なべにくわえます。	밀가루를 물에 푼 뒤 냄비에 넣습니다.	풀다, 녹이다
N2-16bh7n6	植物は、土から養分を吸収します。	しょくぶつは、つちからようぶんをきゅうしゅうします。	식물은 흙에서 양분을 흡수합니다.	양분
N2-150nbd7	落し物をしたら、駅の窓口に相談してください。	おとしものをしたら、えきのまどぐちにそうだんしてください。	물건을 잃어버리면 역 창구에 문의해 주세요.	분실물
N2-1fqsg6d	授業では、作品の特徴を論じます。	じゅぎょうでは、さくひんのとくちょうをろんじます。	수업에서는 작품의 특징을 논합니다.	논하다, 논의하다
N1-1yr3ju7	お茶と一緒に、あられを少し食べました。	おちゃといっしょに、あられをすこしたべました。	차와 함께 작은 쌀과자를 조금 먹었습니다.	아라레, 작은 쌀과자
N1-1xoqvh5	次のインターチェンジで、高速道路を降ります。	つぎのいんたーちぇんじで、こうそくどうろをおります。	다음 나들목에서 고속도로를 빠져나갑니다.	나들목, 인터체인지
